,code,name,industry
0,00091,金禧国际控股,石油及天然气
1,00196,宏华集团,石油及天然气
2,00206,华商国际海洋控股,石油及天然气
3,00228,中能控股,石油及天然气
4,00332,元亨燃气,石油及天然气
5,00342,新海能源,石油及天然气
6,00346,延长石油国际,石油及天然气
7,00353,能源国际投资,石油及天然气
8,00386,中国石油化工股份,石油及天然气
9,00467,联合能源集团,石油及天然气
10,00554,汉思能源,石油及天然气
11,00567,大昌微Q集团,石油及天然气
12,00568,山东墨龙,石油及天然气
13,00600,中国基建投资,石油及天然气
14,00632,中港石油,石油及天然气
15,00650,ＩＤＧ能源投资,石油及天然气
16,00689,长盈集团（控股）,石油及天然气
17,00702,中国油气控股,石油及天然气
18,00841,木薯资源,石油及天然气
19,00850,久康国际,石油及天然气
20,00852,海峡石油化工,石油及天然气
21,00857,中国石油股份,石油及天然气
22,00883,中国海洋石油,石油及天然气
23,00934,中石化冠德,石油及天然气
24,01033,中石化油服,石油及天然气
25,01080,胜利管道,石油及天然气
26,01101,华荣能源,石油及天然气
27,01251,华油能源,石油及天然气
28,01555,ＭＩ能源,石油及天然气
29,01621,域高国际控股,石油及天然气
30,01623,海隆控股,石油及天然气
31,01921,达力普控股,石油及天然气
32,01938,珠江钢管,石油及天然气
33,02012,阳光油砂,石油及天然气
34,02178,百勤油服,石油及天然气
35,02236,惠生工程,石油及天然气
36,02337,众诚能源,石油及天然气
37,02386,中石化炼化工程,石油及天然气
38,02686,亚美能源,石油及天然气
39,02728,金泰能源控股,石油及天然气
40,02883,中海油田服务,石油及天然气
41,03303,巨涛海洋石油服务,石油及天然气
42,03337,安东油田服务,石油及天然气
43,03395,PERSTA,石油及天然气
44,03899,中集安瑞科,石油及天然气
45,08009,华夏能源控股,石油及天然气
46,08011,百田石油,石油及天然气
47,08132,中油港燃,石油及天然气
48,08270,中国煤层气,石油及天然气
49,08347,Ｆ８企业,石油及天然气
50,08479,金泰丰国际控股,石油及天然气
51,08631,申港控股,石油及天然气
52,00061,绿领控股,煤炭
53,00065,弘海高新资源,煤炭
54,00217,中国诚通发展集团,煤炭
55,00276,蒙古能源,煤炭
56,00307,优派能源发展,煤炭
57,00578,融信资源,煤炭
58,00639,首钢资源,煤炭
59,00645,安域亚洲,煤炭
60,00704,和嘉控股,煤炭
61,00866,中国秦发,煤炭
62,00975,MONGOL,煤炭
63,01088,中国神华,煤炭
64,01131,鸿宝资源,煤炭
65,01171,兖州煤业股份,煤炭
66,01229,南南资源,煤炭
67,01277,力量能源,煤炭
68,01303,汇力资源,煤炭
69,01393,恒鼎实业,煤炭
70,01573,南方能源,煤炭
71,01733,易大宗,煤炭
72,01738,飞尚无烟煤,煤炭
73,01878,南戈壁－Ｓ,煤炭
74,01898,中煤能源,煤炭
75,01907,中国旭阳集团,煤炭
76,02798,久泰邦达能源,煤炭
77,03668,兖煤澳大利亚,煤炭
78,03948,伊泰煤炭,煤炭
79,06885,金马能源,煤炭
80,08250,丝路能源,煤炭
81,00274,中富资源,黄金及贵金属
82,00340,潼关黄金,黄金及贵金属
83,00621,坛金矿业,黄金及贵金属
84,00663,金山能源,黄金及贵金属
85,00815,中国白银集团,黄金及贵金属
86,01194,湾区黄金,黄金及贵金属
87,01712,龙资源,黄金及贵金属
88,01787,山东黄金,黄金及贵金属
89,01818,招金矿业,黄金及贵金属
90,02099,中国黄金国际,黄金及贵金属
91,02303,恒兴黄金,黄金及贵金属
92,02899,紫金矿业,黄金及贵金属
93,03330,灵宝黄金,黄金及贵金属
94,08162,港银控股,黄金及贵金属
95,08299,大唐潼金,黄金及贵金属
96,00007,香港金融集团,一般金属及矿石
97,00024,宝威控股,一般金属及矿石
98,00098,兴发铝业,一般金属及矿石
99,00103,首长宝佳,一般金属及矿石
100,00159,布莱克万矿业,一般金属及矿石
101,00166,新时代能源,一般金属及矿石
102,00195,绿科科技国际,一般金属及矿石
103,00223,易生活控股,一般金属及矿石
104,00235,中策集团,一般金属及矿石
105,00323,马鞍山钢铁股份,一般金属及矿石
106,00347,鞍钢股份,一般金属及矿石
107,00358,江西铜业股份,一般金属及矿石
108,00433,北方矿业,一般金属及矿石
109,00486,俄铝,一般金属及矿石
110,00505,兴业合金,一般金属及矿石
111,00581,中国东方集团,一般金属及矿石
112,00601,稀镁科技,一般金属及矿石
113,00637,利记,一般金属及矿石
114,00661,中国大冶有色金属,一般金属及矿石
115,00758,新华联资本,一般金属及矿石
116,00769,中国稀土,一般金属及矿石
117,00803,昌兴国际,一般金属及矿石
118,00826,天工国际,一般金属及矿石
119,00893,中国铁钛,一般金属及矿石
120,00976,齐合环保,一般金属及矿石
121,00985,中誉集团,一般金属及矿石
122,01029,铁货,一般金属及矿石
123,01053,重庆钢铁股份,一般金属及矿石
124,01090,大明国际,一般金属及矿石
125,01091,中信大锰,一般金属及矿石
126,01104,亚太资源,一般金属及矿石
127,01116,美亚控股,一般金属及矿石
128,01142,西伯利亚矿业,一般金属及矿石
129,01164,中广核矿业,一般金属及矿石
130,01203,广南（集团）,一般金属及矿石
131,01205,中信资源,一般金属及矿石
132,01208,五矿资源,一般金属及矿石
133,01231,新矿资源,一般金属及矿石
134,01258,中国有色矿业,一般金属及矿石
135,01266,西王特钢,一般金属及矿石
136,01333,中国忠旺,一般金属及矿石
137,01370,奥威控股,一般金属及矿石
138,01378,中国宏桥,一般金属及矿石
139,01380,中国金石,一般金属及矿石
140,01636,中国金属利用,一般金属及矿石
141,01772,赣锋锂业,一般金属及矿石
142,01891,兴合控股,一般金属及矿石
143,02078,荣阳实业,一般金属及矿石
144,02112,优库资源,一般金属及矿石
145,02133,信盛矿业,一般金属及矿石
146,02212,高鹏矿业,一般金属及矿石
147,02302,中核国际,一般金属及矿石
148,02326,新源万恒控股,一般金属及矿石
149,02336,海亮国际,一般金属及矿石
150,02346,星宇控股,一般金属及矿石
151,02362,金川国际,一般金属及矿石
152,02600,中国铝业,一般金属及矿石
153,02623,爱德新能源,一般金属及矿石
154,02738,华津国际控股,一般金属及矿石
155,03313,雅高控股,一般金属及矿石
156,03788,中国罕王,一般金属及矿石
157,03833,新疆新鑫矿业,一般金属及矿石
158,03939,万国国际矿业,一般金属及矿石
159,03993,洛阳钼业,一般金属及矿石
160,06128,泛亚国际,一般金属及矿石
161,06890,康利国际控股,一般金属及矿石
162,08007,环球战略集团,一般金属及矿石
163,08028,天时软件,一般金属及矿石
164,08192,环球通证,一般金属及矿石
165,08331,恒勤集团,一般金属及矿石
166,09936,稀美资源,一般金属及矿石
167,00094,绿心集团,纸及林业产品
168,00609,天德化工,纸及林业产品
169,00706,美丽中国控股,纸及林业产品
170,00723,信保环球控股,纸及林业产品
171,00731,森信纸业集团,纸及林业产品
172,00923,综合环保集团,纸及林业产品
173,01069,宝沙发展,纸及林业产品
174,01580,大森控股,纸及林业产品
175,01812,晨鸣纸业,纸及林业产品
176,01822,中木国际,纸及林业产品
177,01885,中国优材,纸及林业产品
178,02002,阳光纸业,纸及林业产品
179,02268,优源控股,纸及林业产品
180,02314,理文造纸,纸及林业产品
181,02320,合丰集团,纸及林业产品
182,02689,玖龙纸业,纸及林业产品
183,03363,正业国际,纸及林业产品
184,08186,同仁资源,纸及林业产品
185,08191,鸿伟亚洲,纸及林业产品
186,08277,骏东控股,纸及林业产品
187,00067,旭光高新材料,化学制品
188,00189,东岳集团,化学制品
189,00297,中化化肥,化学制品
190,00301,三和精化,化学制品
191,00338,上海石油化工股份,化学制品
192,00378,五龙动力,化学制品
193,00408,叶氏化工集团,化学制品
194,00509,世纪阳光,化学制品
195,00640,星谦发展,化学制品
196,00660,玮俊生物科技,化学制品
197,00746,理文化工,化学制品
198,00809,大成生化科技,化学制品
199,00827,玖源集团,化学制品
200,00990,荣晖国际,化学制品
201,01047,毅兴行,化学制品
202,01073,大禹金融,化学制品
203,01103,大生农业金融,化学制品
204,01561,联洋智能控股,化学制品
205,01702,东光化工,化学制品
206,01863,中国龙天集团,化学制品
207,01866,中国心连心化肥,化学制品
208,01932,中漆集团,化学制品
209,01940,CGII,化学制品
210,01950,深蓝科技控股,化学制品
211,01986,彩客化学,化学制品
212,02116,江苏创新,化学制品
213,02198,中国三江化工,化学制品
214,02322,香港潮商集团,化学制品
215,02341,中怡国际,化学制品
216,03983,中海石油化学,化学制品
217,08139,长安仁恒,化学制品
218,08189,泰达生物,化学制品
219,08258,西北实业,化学制品
220,09933,GHW,化学制品
221,00031,航天控股,工业
222,00038,第一拖拉机股份,工业
223,00042,东北电气,工业
224,00057,震雄集团,工业
225,00076,谊砾控股,工业
226,00096,友成控股,工业
227,00117,天利控股集团,工业
228,00118,大同机械,工业
229,00148,建滔集团,工业
230,00155,中国源畅,工业
231,00187,京城机电股份,工业
232,00213,乐声电子,工业
233,00232,中国航空工业国际,工业
234,00252,华信地产财务,工业
235,00255,龙记集团,工业
236,00317,中船防务,工业
237,00320,金宝通,工业
238,00365,芯成科技,工业
239,00377,中国华君,工业
240,00387,力丰（集团）,工业
241,00403,星光集团,工业
242,00438,彩虹新能源,工业
243,00468,纷美包装,工业
244,00474,信铭生命科技,工业
245,00475,中发展控股,工业
246,00489,东风集团股份,工业
247,00515,中华银科技,工业
248,00517,中远海运国际,工业
249,00532,王氏港建国际,工业
250,00558,力劲科技,工业
251,00591,中国高精密,工业
252,00607,丰盛控股,工业
253,00631,三一国际,工业
254,00641,中国恒天立信国际,工业
255,00651,中海重工,工业
256,00658,中国高速传动,工业
257,00675,坚宝国际,工业
258,00679,亚洲联网科技,工业
259,00712,卡姆丹克太阳能,工业
260,00716,胜狮货柜,工业
261,00725,恒都集团,工业
262,00757,阳光能源,工业
263,00794,锦胜集团（控股）,工业
264,00822,嘉瑞国际,工业
265,00838,亿和控股,工业
266,00840,天业节水,工业
267,00868,信义玻璃,工业
268,00906,中粮包装,工业
269,00929,国际精密,工业
270,00968,信义光能,工业
271,01002,威铖国际,工业
272,01008,贵联控股,工业
273,01072,东方电气,工业
274,01106,铭霖控股,工业
275,01108,洛阳玻璃股份,工业
276,01122,庆铃汽车股份,工业
277,01133,哈尔滨电气,工业
278,01156,CHINANEWENERGY,工业
279,01157,中联重科,工业
280,01166,星凯控股,工业
281,01185,中国航天万源,工业
282,01192,泰山石化,工业
283,01239,TEAMWAY,工业
284,01286,鹰普精密,工业
285,01289,盛力达科技,工业
286,01332,中国透云,工业
287,01335,顺泰控股,工业
288,01366,江南集团,工业
289,01439,移动互联（中国）,工业
290,01480,恩达集团控股,工业
291,01536,煜荣集团,工业
292,01539,汇能集团,工业
293,01553,迈科管业,工业
294,01596,翼辰实业,工业
295,01597,纳泉能源科技,工业
296,01608,伟能集团,工业
297,01611,火币科技,工业
298,01626,嘉耀控股,工业
299,01629,冠均国际控股,工业
300,01639,安捷利实业,工业
301,01645,海纳智能,工业
302,01651,津上机床中国,工业
303,01656,亿仕登控股,工业
304,01660,兆邦基地产,工业
305,01689,华禧控股,工业
306,01721,FSM,工业
307,01725,恒达科技控股,工业
308,01743,苍南仪表,工业
309,01750,全达电器集团控股,工业
310,01766,中国中车,工业
311,01786,铁建装备,工业
312,01799,新特能源,工业
313,01820,济丰包装,工业
314,01839,中集车辆,工业
315,01882,海天国际,工业
316,01888,建滔积层板,工业
317,01899,兴达国际,工业
318,01967,信恳智能,工业
319,02039,中集集团,工业
320,02102,德利机械,工业
321,02182,天长集团,工业
322,02208,金风科技,工业
323,02283,东江集团控股,工业
324,02300,澳科控股,工业
325,02323,融科控股,工业
326,02338,潍柴动力,工业
327,02357,中航科工,工业
328,02377,博奇环保,工业
329,02398,友佳国际,工业
330,02727,上海电气,工业
331,02788,精熙国际,工业
332,02885,彼岸控股,工业
333,03300,中国玻璃,工业
334,03302,光控精技,工业
335,03339,中国龙工,工业
336,03348,中国鹏飞集团,工业
337,03628,仁恒实业控股,工业
338,03800,保利协鑫能源,工业
339,03808,中国重汽,工业
340,03816,ＫＦＭ金德,工业
341,03898,中车时代电气,工业
342,03919,金力集团,工业
343,03996,中国能源建设,工业
344,06163,彭顺国际,工业
345,06865,福莱特玻璃,工业
346,06898,中国铝罐,工业
347,08070,侨洋国际控股,工业
348,08073,兴业新材料,工业
349,08111,中国科技产业集团,工业
350,08115,上海青浦消防,工业
351,08133,铸能控股,工业
352,08151,宝申控股,工业
353,08218,毅高国际控股,工业
354,08246,中华燃气,工业
355,08291,万成金属包装,工业
356,08490,骏码科技,工业
357,08506,福纺控股,工业
358,08511,ZC,工业
359,08617,永联丰控股,工业
360,08623,中国蜀塔,工业
361,00048,中国汽车内饰,汽车
362,00138,中建富通,汽车
363,00175,吉利汽车,汽车
364,00179,德昌电机控股,汽车
365,00305,五菱汽车,汽车
366,00360,新焦点,汽车
367,00422,越南制造加工出口,汽车
368,00425,敏实集团,汽车
369,00476,中国动力控股,汽车
370,00526,中国汽车新零售,汽车
371,00543,太平洋网络,汽车
372,00564,郑煤机,汽车
373,00693,陈唱国际,汽车
374,00720,意达利控股,汽车
375,00729,五龙电动车,汽车
376,00819,天能动力,汽车
377,00872,启迪国际,汽车
378,00881,中升控股,汽车
379,00951,超威动力,汽车
380,00970,耀莱集团,汽车
381,01057,浙江世宝,汽车
382,01114,华晨中国,汽车
383,01139,华多利集团,汽车
384,01148,新晨动力,汽车
385,01188,正道集团,汽车
386,01211,比亚迪股份,汽车
387,01241,双桦控股,汽车
388,01268,美东汽车,汽车
389,01269,首控集团,汽车
390,01293,广汇宝信,汽车
391,01316,耐世特,汽车
392,01365,润东汽车,汽车
393,01571,信邦控股,汽车
394,01585,雅迪控股,汽车
395,01609,创建集团控股,汽车
396,01728,正通汽车,汽车
397,01760,英恒科技,汽车
398,01771,新丰泰集团,汽车
399,01809,浦林成山,汽车
400,01872,冠C控股,汽车
401,01930,勋龙,汽车
402,01958,北京汽车,汽车
403,01959,世纪联合控股,汽车
404,02025,瑞丰动力,汽车
405,02188,泰坦能源技术,汽车
406,02238,广汽集团,汽车
407,02333,长城汽车,汽车
408,02339,京西国际,汽车
409,02488,元征科技,汽车
410,03606,福耀玻璃,汽车
411,03663,协众国际控股,汽车
412,03669,永达汽车,汽车
413,03836,和谐汽车,汽车
414,06162,天瑞汽车内饰,汽车
415,06830,华众车载,汽车
416,06928,TOMO,汽车
417,08123,华亿金控,汽车
418,08126,ＧqＡq控股,汽车
419,08135,正美丰业,汽车
420,08265,中国之信集团,汽车
421,08283,正力控股,汽车
422,08328,信义香港,汽车
423,08418,傲迪玛汽车,汽车
424,00040,金山工业,电器及消闲电子产品
425,00167,万威国际,电器及消闲电子产品
426,00176,先机企业集团,电器及消闲电子产品
427,00186,敏捷控股,电器及消闲电子产品
428,00229,利民实业,电器及消闲电子产品
429,00328,爱高集团,电器及消闲电子产品
430,00370,国华,电器及消闲电子产品
431,00449,志高控股,电器及消闲电子产品
432,00464,中国海外诺信,电器及消闲电子产品
433,00482,圣马丁国际,电器及消闲电子产品
434,00485,中国华星,电器及消闲电子产品
435,00493,国美零售,电器及消闲电子产品
436,00638,建溢集团,电器及消闲电子产品
437,00669,创科实业,电器及消闲电子产品
438,00684,亚伦国际,电器及消闲电子产品
439,00751,创维集团,电器及消闲电子产品
440,00833,华讯,电器及消闲电子产品
441,00912,信佳国际,电器及消闲电子产品
442,00921,海信家电,电器及消闲电子产品
443,00927,富士高实业,电器及消闲电子产品
444,01070,ＴＣＬ电子,电器及消闲电子产品
445,01123,中港照相,电器及消闲电子产品
446,01143,环亚国际医疗集团,电器及消闲电子产品
447,01249,通力电子,电器及消闲电子产品
448,01280,奇点国际,电器及消闲电子产品
449,01455,科利实业控股,电器及消闲电子产品
450,01632,民商创科,电器及消闲电子产品
451,01691,ＪＳ环球生活,电器及消闲电子产品
452,01692,登辉控股,电器及消闲电子产品
453,01747,HOME,电器及消闲电子产品
454,01868,同方友友,电器及消闲电子产品
455,02014,浩泽净水,电器及消闲电子产品
456,02148,VESYNC,电器及消闲电子产品
457,02222,雷士国际,电器及消闲电子产品
458,02358,久融控股,电器及消闲电子产品
459,02381,蚬壳电业,电器及消闲电子产品
460,03882,天彩控股,电器及消闲电子产品
461,06690,海尔智家,电器及消闲电子产品
462,06908,宏光照明,电器及消闲电子产品
463,06969,思摩尔国际,电器及消闲电子产品
464,08005,裕兴科技,电器及消闲电子产品
465,08118,濠亮环球,电器及消闲电子产品
466,08136,英马斯集团,电器及消闲电子产品
467,08150,无缝绿色,电器及消闲电子产品
468,08222,壹照明,电器及消闲电子产品
469,00113,f生创建,纺织、服装及配饰
470,00122,鳄鱼恤,纺织、服装及配饰
471,00125,新兴光学,纺织、服装及配饰
472,00128,安宁控股,纺织、服装及配饰
473,00130,慕诗国际,纺织、服装及配饰
474,00210,达芙妮国际,纺织、服装及配饰
475,00238,长兴国际,纺织、服装及配饰
476,00264,中联发展控股,纺织、服装及配饰
477,00294,长江制衣,纺织、服装及配饰
478,00311,联泰控股,纺织、服装及配饰
479,00321,德永佳集团,纺织、服装及配饰
480,00330,思捷环球,纺织、服装及配饰
481,00333,黛丽斯国际,纺织、服装及配饰
482,00361,顺龙控股,纺织、服装及配饰
483,00375,ＹＧＭ贸易,纺织、服装及配饰
484,00393,旭日企业,纺织、服装及配饰
485,00420,福田实业,纺织、服装及配饰
486,00458,联亚集团,纺织、服装及配饰
487,00483,包浩斯国际,纺织、服装及配饰
488,00518,同得仕（集团）,纺织、服装及配饰
489,00528,金达控股,纺织、服装及配饰
490,00533,金利来集团,纺织、服装及配饰
491,00539,冠华国际控股,纺织、服装及配饰
492,00540,迅捷环球控股,纺织、服装及配饰
493,00551,裕元集团,纺织、服装及配饰
494,00592,堡狮龙国际,纺织、服装及配饰
495,00608,达利国际,纺织、服装及配饰
496,00643,恒富控股,纺织、服装及配饰
497,00676,创信国际,纺织、服装及配饰
498,00707,亚洲电视控股,纺织、服装及配饰
499,00709,佐丹奴国际,纺织、服装及配饰
500,00738,莱尔斯丹,纺织、服装及配饰
501,00787,利标品牌,纺织、服装及配饰
502,00844,广泰国际控股,纺织、服装及配饰
503,00891,利邦,纺织、服装及配饰
504,00907,高雅光学,纺织、服装及配饰
505,00918,国能国际资产,纺织、服装及配饰
506,00999,I.T,纺织、服装及配饰
507,01023,时代集团控股,纺织、服装及配饰
508,01025,嘉艺控股,纺织、服装及配饰
509,01028,千百度,纺织、服装及配饰
510,01058,粤海制革,纺织、服装及配饰
511,01100,飞达控股,纺织、服装及配饰
512,01120,雅视光学,纺织、服装及配饰
513,01121,宝峰时尚,纺织、服装及配饰
514,01134,恒发光学,纺织、服装及配饰
515,01146,中国服饰控股,纺织、服装及配饰
516,01150,米兰站,纺织、服装及配饰
517,01170,信星集团,纺织、服装及配饰
518,01223,新沣集团,纺织、服装及配饰
519,01234,中国利郎,纺织、服装及配饰
520,01247,米格国际控股,纺织、服装及配饰
521,01255,ＴＡＴＡ健康,纺织、服装及配饰
522,01346,利华控股集团,纺织、服装及配饰
523,01353,诺奇,纺织、服装及配饰
524,01361,３６１度,纺织、服装及配饰
525,01367,广州基金国际控股,纺织、服装及配饰
526,01368,特步国际,纺织、服装及配饰
527,01382,互太纺织,纺织、服装及配饰
528,01386,国投集团控股,纺织、服装及配饰
529,01388,安莉芳控股,纺织、服装及配饰
530,01400,满地科技股份,纺织、服装及配饰
531,01425,捷隆控股,纺织、服装及配饰
532,01433,常达控股,纺织、服装及配饰
533,01440,DEYUN,纺织、服装及配饰
534,01520,华信金融投资,纺织、服装及配饰
535,01532,中国派对文化,纺织、服装及配饰
536,01657,桦欣控股,纺织、服装及配饰
537,01682,杭品生活科技,纺织、服装及配饰
538,01709,德林控股,纺织、服装及配饰
539,01731,其利工业集团,纺织、服装及配饰
540,01749,杉杉品牌,纺织、服装及配饰
541,01795,亚东集团,纺织、服装及配饰
542,01817,慕尚集团控股,纺织、服装及配饰
543,01825,美臻集团,纺织、服装及配饰
544,01836,九兴控股,纺织、服装及配饰
545,01842,植华集团,纺织、服装及配饰
546,01906,博尼控股,纺织、服装及配饰
547,01910,新秀丽,纺织、服装及配饰
548,01913,普拉达,纺织、服装及配饰
549,01942,MOG,纺织、服装及配饰
550,01957,MBV,纺织、服装及配饰
551,01962,训修实业,纺织、服装及配饰
552,01968,兴纺控股,纺织、服装及配饰
553,01982,南旋控股,纺织、服装及配饰
554,02011,中国恒泰集团,纺织、服装及配饰
555,02020,安踏体育,纺织、服装及配饰
556,02030,卡宾,纺织、服装及配饰
557,02111,超盈国际控股,纺织、服装及配饰
558,02123,金盾控股,纺织、服装及配饰
559,02199,维珍妮,纺织、服装及配饰
560,02228,中国节能海东青,纺织、服装及配饰
561,02232,晶苑国际,纺织、服装及配饰
562,02298,都市丽人,纺织、服装及配饰
563,02299,百宏实业,纺织、服装及配饰
564,02307,锦兴国际控股,纺织、服装及配饰
565,02313,申洲国际,纺织、服装及配饰
566,02331,李宁,纺织、服装及配饰
567,02368,鹰美,纺织、服装及配饰
568,02399,虎都,纺织、服装及配饰
569,02528,尚晋国际控股,纺织、服装及配饰
570,02678,天虹纺织,纺织、服装及配饰
571,02683,华新手袋国际控股,纺织、服装及配饰
572,02698,魏桥纺织,纺织、服装及配饰
573,03306,江南布衣,纺织、服装及配饰
574,03322,永嘉集团,纺织、服装及配饰
575,03344,共享集团,纺织、服装及配饰
576,03398,华鼎控股,纺织、服装及配饰
577,03608,永盛新材料,纺织、服装及配饰
578,03626,HSSP,纺织、服装及配饰
579,03709,赢家时尚,纺织、服装及配饰
580,03778,中国织材控股,纺织、服装及配饰
581,03813,宝胜国际,纺织、服装及配饰
582,03818,中国动向,纺织、服装及配饰
583,03860,尚捷集团控股,纺织、服装及配饰
584,03998,波司登,纺织、服装及配饰
585,06110,滔搏,纺织、服装及配饰
586,06116,拉夏贝尔,纺织、服装及配饰
587,06288,迅销,纺织、服装及配饰
588,06838,盈利时,纺织、服装及配饰
589,06858,本间高尔夫,纺织、服装及配饰
590,08107,威诚国际控股,纺织、服装及配饰
591,08195,乐亚国际,纺织、服装及配饰
592,08211,浙江永安,纺织、服装及配饰
593,08269,富誉控股,纺织、服装及配饰
594,08285,森浩集团,纺织、服装及配饰
595,08297,芭迪贝伊,纺织、服装及配饰
596,08377,申酉控股,纺织、服装及配饰
597,08456,民信国际控股,纺织、服装及配饰
598,08471,新达控股,纺织、服装及配饰
599,08480,飞霓控股,纺织、服装及配饰
600,08507,爱世纪集团,纺织、服装及配饰
601,08521,智纺国际控股,纺织、服装及配饰
602,08607,纳尼亚集团,纺织、服装及配饰
603,00030,万隆控股集团,食物及饮料
604,00039,中国北大荒,食物及饮料
605,00060,香港食品投资,食物及饮料
606,00142,第一太平,食物及饮料
607,00151,中国旺旺,食物及饮料
608,00168,青岛啤酒股份,食物及饮料
609,00197,亨泰,食物及饮料
610,00220,统一企业中国,食物及饮料
611,00236,香港生力啤,食物及饮料
612,00291,华润啤酒,食物及饮料
613,00322,康师傅控股,食物及饮料
614,00336,华宝国际,食物及饮料
615,00345,维他奶国际,食物及饮料
616,00359,海升果汁,食物及饮料
617,00364,区块链集团,食物及饮料
618,00374,四洲集团,食物及饮料
619,00389,通天酒业,食物及饮料
620,00462,天然乳品,食物及饮料
621,00472,新丝路文旅,食物及饮料
622,00506,中国食品,食物及饮料
623,00530,高银金融,食物及饮料
624,00546,阜丰集团,食物及饮料
625,00756,森美控股,食物及饮料
626,00828,王朝酒业,食物及饮料
627,00829,神冠控股,食物及饮料
628,00834,康大食品,食物及饮料
629,00886,银基集团,食物及饮料
630,00954,常茂生物,食物及饮料
631,01084,绿新亲水胶体,食物及饮料
632,01112,Ｈ＆Ｈ国际控股,食物及饮料
633,01115,西藏水资源,食物及饮料
634,01117,现代牧业,食物及饮料
635,01152,正乾金融控股,食物及饮料
636,01175,鲜驰达控股,食物及饮料
637,01210,克莉丝汀,食物及饮料
638,01230,雅士利国际,食物及饮料
639,01262,蜡笔小新食品,食物及饮料
640,01285,嘉士利集团,食物及饮料
641,01389,美捷汇控股,食物及饮料
642,01431,原生态牧业,食物及饮料
643,01432,中国圣牧,食物及饮料
644,01446,鸿福堂,食物及饮料
645,01458,周黑鸭,食物及饮料
646,01475,日清食品,食物及饮料
647,01492,中地乳业,食物及饮料
648,01533,庄园牧场,食物及饮料
649,01579,颐海国际,食物及饮料
650,01583,亲亲食品,食物及饮料
651,01587,欣融国际,食物及饮料
652,01676,中国升海集团,食物及饮料
653,01695,椰丰集团,食物及饮料
654,01705,宾仕国际,食物及饮料
655,01717,澳优,食物及饮料
656,01767,TS,食物及饮料
657,01837,五谷磨房,食物及饮料
658,01876,百威亚太,食物及饮料
659,02119,捷荣国际控股,食物及饮料
660,02218,安德利果汁,食物及饮料
661,02226,老恒和酿造,食物及饮料
662,02317,味丹国际,食物及饮料
663,02319,蒙牛乳业,食物及饮料
664,02898,龙润茶,食物及饮料
665,03318,中国波顿,食物及饮料
666,03799,达利食品,食物及饮料
667,06055,中烟香港,食物及饮料
668,06186,中国飞鹤,食物及饮料
669,06836,天韵国际控股,食物及饮料
670,06868,天福,食物及饮料
671,08057,麦迪森控股,食物及饮料
672,08116,中国幸福投资,食物及饮料
673,08146,怡园酒业,食物及饮料
674,08179,百利达集团控股,食物及饮料
675,08241,英记茶庄集团,食物及饮料
676,08301,明华科技,食物及饮料
677,08351,俊文宝石,食物及饮料
678,08362,运兴泰集团,食物及饮料
679,08413,亚洲杂货,食物及饮料
680,08476,大洋环球控股,食物及饮料
681,08491,COOL,食物及饮料
682,08496,新加坡美食控股,食物及饮料
683,08509,威扬酒业控股,食物及饮料
684,09633,农夫山泉,食物及饮料
685,00239,白花油,医疗保健
686,00241,阿里健康,医疗保健
687,00286,爱帝宫,医疗保健
688,00383,中国医疗网络,医疗保健
689,00401,万嘉集团,医疗保健
690,00419,华谊腾讯娱乐,医疗保健
691,00455,天大药业,医疗保健
692,00460,四环医药,医疗保健
693,00503,朗生医药,医疗保健
694,00512,远大医药,医疗保健
695,00570,中国中药,医疗保健
696,00574,百信国际,医疗保健
697,00575,励晶太平洋,医疗保健
698,00648,中国华仁医疗－新,医疗保健
699,00673,中国卫生集团,医疗保健
700,00690,联康生物科技集团,医疗保健
701,00708,恒大汽车,医疗保健
702,00718,太和控股,医疗保健
703,00719,山东新华制药股份,医疗保健
704,00722,联合医务,医疗保健
705,00775,长江生命科技,医疗保健
706,00853,微创医疗,医疗保健
707,00858,精优药业,医疗保健
708,00867,康哲药业,医疗保健
709,00874,白云山,医疗保健
710,00876,佳兆业健康,医疗保健
711,00897,位元堂,医疗保健
712,00911,前海健康,医疗保健
713,00919,现代健康科技,医疗保健
714,00926,碧生源,医疗保健
715,00928,莲和医疗,医疗保健
716,00932,顺腾国际控股,医疗保健
717,00950,李氏大药厂,医疗保健
718,01011,泰凌医药,医疗保健
719,01061,亿胜生物科技,医疗保健
720,01066,威高股份,医疗保健
721,01093,石药集团,医疗保健
722,01099,国药控股,医疗保健
723,01110,金活医药集团,医疗保健
724,01161,奥思集团,医疗保健
725,01167,加科思－Ｂ,医疗保健
726,01177,中国生物制药,医疗保健
727,01298,云能国际,医疗保健
728,01302,先健科技,医疗保健
729,01345,中国先锋医药,医疗保健
730,01349,复旦张江,医疗保健
731,01358,普华和顺,医疗保健
732,01419,盈健医疗,医疗保健
733,01477,欧康维视生物－Ｂ,医疗保健
734,01498,培力控股,医疗保健
735,01501,康德莱医械,医疗保健
736,01509,和美医疗,医疗保健
737,01513,丽珠医药,医疗保健
738,01515,华润医疗,医疗保健
739,01518,新世纪医疗,医疗保健
740,01521,方达控股,医疗保健
741,01526,瑞慈医疗,医疗保健
742,01530,三生制药,医疗保健
743,01548,金斯瑞生物科技,医疗保健
744,01558,东阳光药,医疗保健
745,01612,永胜医疗,医疗保健
746,01643,现代中药集团,医疗保健
747,01652,福森药业,医疗保健
748,01666,同仁堂科技,医疗保健
749,01672,歌礼制药－Ｂ,医疗保健
750,01681,康臣药业,医疗保健
751,01696,复锐医疗科技,医疗保健
752,01763,中国同辐,医疗保健
753,01789,爱康医疗,医疗保健
754,01801,信达生物,医疗保健
755,01827,卓珈控股,医疗保健
756,01830,必瘦站,医疗保健
757,01833,平安好医生,医疗保健
758,01846,德视佳,医疗保健
759,01858,春立医疗,医疗保健
760,01873,维亚生物,医疗保健
761,01875,东曜药业－Ｂ,医疗保健
762,01877,君实生物,医疗保健
763,01889,三爱健康集团,医疗保健
764,01931,华检医疗,医疗保健
765,01951,锦欣生殖,医疗保健
766,01952,云顶新耀－Ｂ,医疗保健
767,01989,松龄护老集团,医疗保健
768,02005,石四药集团,医疗保健
769,02031,澳至尊,医疗保健
770,02096,先声药业,医疗保健
771,02120,康宁医院,医疗保健
772,02126,药明巨诺－Ｂ,医疗保健
773,02135,瑞丽医美,医疗保健
774,02138,香港医思医疗集团,医疗保健
775,02142,和铂医药－Ｂ,医疗保健
776,02158,医渡科技,医疗保健
777,02159,麦迪卫康,医疗保健
778,02160,心通医疗－Ｂ,医疗保健
779,02181,迈博药业―Ｂ,医疗保健
780,02186,绿叶制药,医疗保健
781,02189,嘉涛（香港）控股,医疗保健
782,02196,复星医药,医疗保健
783,02211,大健康国际,医疗保健
784,02269,药明生物,医疗保健
785,02289,创美药业,医疗保健
786,02293,百本医护,医疗保健
787,02348,东瑞制药,医疗保健
788,02359,药明康德,医疗保健
789,02389,北控医疗健康,医疗保健
790,02393,巨星医疗控股,医疗保健
791,02500,明医疗－Ｂ,医疗保健
792,02552,华领医药－Ｂ,医疗保健
793,02607,上海医药,医疗保健
794,02616,基石药业－Ｂ,医疗保健
795,02633,雅各臣科研制药,医疗保健
796,02666,环球医疗,医疗保健
797,02696,复宏汉霖―Ｂ,医疗保健
798,02700,格林国际控股－新,医疗保健
799,02877,神威药业,医疗保健
800,02906,中国华仁医疗－旧,医疗保健
801,02984,格林国际控股,医疗保健
802,03309,希玛眼科,医疗保健
803,03320,华润医药,医疗保健
804,03332,中生联合,医疗保健
805,03347,泰格医药,医疗保健
806,03390,满贯集团,医疗保健
807,03600,现代牙科,医疗保健
808,03613,同仁堂国药,医疗保健
809,03681,中国抗体－Ｂ,医疗保健
810,03689,康华医疗,医疗保健
811,03692,翰森制药,医疗保健
812,03737,中智药业,医疗保健
813,03759,康龙化成,医疗保健
814,03839,正大企业国际,医疗保健
815,03869,弘和仁爱医疗,医疗保健
816,03886,康健国际医疗,医疗保健
817,03933,联邦制药,医疗保健
818,06078,海吉亚医疗,医疗保健
819,06108,新锐医药,医疗保健
820,06118,奥星生命科技,医疗保健
821,06160,百济神州,医疗保健
822,06185,康希诺生物―Ｂ,医疗保健
823,06618,京东健康,医疗保健
824,06819,中智全球,医疗保健
825,06826,昊海生物科技,医疗保健
826,06833,兴科蓉医药,医疗保健
827,06855,亚盛医药－Ｂ,医疗保健
828,06893,衍生集团,医疗保健
829,06896,金嗓子,医疗保健
830,06978,永泰生物－Ｂ,医疗保健
831,06996,德琪医药－Ｂ,医疗保健
832,06998,嘉和生物－Ｂ,医疗保健
833,08037,中国生物科技服务,医疗保健
834,08049,吉林长龙药业,医疗保健
835,08143,金威医疗,医疗保健
836,08158,中国再生医学,医疗保健
837,08161,医汇集团,医疗保健
838,08176,超人智能,医疗保健
839,08200,修身堂,医疗保健
840,08225,中国医疗集团,医疗保健
841,08247,中生北控生物科技,医疗保健
842,08307,密迪斯肌,医疗保健
843,08329,海王英特龙,医疗保健
844,08357,REPUBLIC,医疗保健
845,08372,君百延集团,医疗保健
846,08405,恒智控股,医疗保健
847,08437,德斯控股,医疗保健
848,08513,官酝控股,医疗保健
849,08603,亮晴控股,医疗保健
850,08622,华康生物医学,医疗保健
851,09688,再鼎医药－ＳＢ,医疗保健
852,09906,宏力医疗管理,医疗保健
853,09926,康方生物－Ｂ,医疗保健
854,09939,开拓药业－Ｂ,医疗保健
855,09966,康宁杰瑞制药－Ｂ,医疗保健
856,09969,诺诚健华－Ｂ,医疗保健
857,09989,海普瑞,医疗保健
858,09995,荣昌生物－Ｂ,医疗保健
859,09996,沛嘉医疗－Ｂ,医疗保健
860,09997,康基医疗,医疗保健
861,00043,卜蜂国际,农业产品
862,00073,亚洲果业,农业产品
863,00288,万洲国际,农业产品
864,00411,南顺（香港）,农业产品
865,00677,金源米业,农业产品
866,00682,超大现代,农业产品
867,00875,中国金控,农业产品
868,00904,中绿,农业产品
869,00969,华联国际,农业产品
870,01068,雨润食品,农业产品
871,01340,惠生国际,农业产品
872,01387,中国地利,农业产品
873,01610,中粮家佳康,农业产品
874,01699,普甜食品,农业产品
875,01854,展程控股,农业产品
876,01936,RITAMIX,农业产品
877,03838,中国淀粉,农业产品
878,03889,大成糖业,农业产品
879,03999,大成食品,农业产品
880,06183,中国绿宝,农业产品
881,08609,永续农业,农业产品
882,09977,凤祥股份,农业产品
883,00084,宝光实业,钟表珠宝
884,00104,冠亚商业集团,钟表珠宝
885,00116,周生生,钟表珠宝
886,00256,冠城钟表珠宝,钟表珠宝
887,00280,景福集团,钟表珠宝
888,00398,东方表行集团,钟表珠宝
889,00417,谢瑞麟,钟表珠宝
890,00442,海福德集团,钟表珠宝
891,00444,SINCEREWATCH,钟表珠宝
892,00513,恒和集团,钟表珠宝
893,00590,六福集团,钟表珠宝
894,00789,雅天妮集团,钟表珠宝
895,00860,力世纪,钟表珠宝
896,00887,英皇钟表珠宝,钟表珠宝
897,00986,中国环保能源,钟表珠宝
898,01327,励时集团,钟表珠宝
899,01466,钱唐控股,钟表珠宝
900,01470,富一国际控股,钟表珠宝
901,01815,金猫银猫,钟表珠宝
902,01856,依波路,钟表珠宝
903,01929,周大福,钟表珠宝
904,02033,时计宝,钟表珠宝
905,02882,香港资源控股,钟表珠宝
906,03326,保发集团,钟表珠宝
907,03389,亨得利,钟表珠宝
908,08026,朗华国际集团,钟表珠宝
909,08219,恒伟集团控股,钟表珠宝
910,08537,创辉珠宝,钟表珠宝
911,00033,安山金控,家庭及个人护理用品
912,00114,兴利集团,家庭及个人护理用品
913,00146,太平地毡,家庭及个人护理用品
914,00157,自然美,家庭及个人护理用品
915,00178,莎莎国际,家庭及个人护理用品
916,00180,开达集团,家庭及个人护理用品
917,00209,瀛晟科学,家庭及个人护理用品
918,00348,中国智能健康,家庭及个人护理用品
919,00381,侨雄国际,家庭及个人护理用品
920,00396,兴利（香港）控股,家庭及个人护理用品
921,00399,领航医药生物科技,家庭及个人护理用品
922,00413,南华集团控股,家庭及个人护理用品
923,00531,顺诚,家庭及个人护理用品
924,00599,怡邦行控股,家庭及个人护理用品
925,00635,彩星集团,家庭及个人护理用品
926,00653,卓悦控股,家庭及个人护理用品
927,00713,世界（集团）,家庭及个人护理用品
928,00765,威发国际,家庭及个人护理用品
929,00776,帝国集团环球控股,家庭及个人护理用品
930,00837,谭木匠,家庭及个人护理用品
931,00869,彩星玩具,家庭及个人护理用品
932,00943,中证国际,家庭及个人护理用品
933,00973,L'OCCITANE,家庭及个人护理用品
934,01005,美力时集团,家庭及个人护理用品
935,01027,中国集成控股,家庭及个人护理用品
936,01044,恒安国际,家庭及个人护理用品
937,01049,时富投资,家庭及个人护理用品
938,01086,好孩子国际,家庭及个人护理用品
939,01126,德林国际,家庭及个人护理用品
940,01173,威高国际,家庭及个人护理用品
941,01190,航标控股,家庭及个人护理用品
942,01198,皇朝家居,家庭及个人护理用品
943,01237,中科生物,家庭及个人护理用品
944,01259,未来发展控股,家庭及个人护理用品
945,01338,霸王集团,家庭及个人护理用品
946,01348,甏锔豢毓,家庭及个人护理用品
947,01373,国际家居零售,家庭及个人护理用品
948,01418,盛诺集团,家庭及个人护理用品
949,01451,万成集团股份,家庭及个人护理用品
950,01545,设计都会,家庭及个人护理用品
951,01575,慕容控股,家庭及个人护理用品
952,01678,中创环球,家庭及个人护理用品
953,01711,欧化,家庭及个人护理用品
954,01715,米技国际控股,家庭及个人护理用品
955,01781,新昌创展控股,家庭及个人护理用品
956,01792,CMON,家庭及个人护理用品
957,01861,保宝龙科技,家庭及个人护理用品
958,01925,旷世控股,家庭及个人护理用品
959,01999,敏华控股,家庭及个人护理用品
960,02023,中国绿岛科技,家庭及个人护理用品
961,02083,大自然家居,家庭及个人护理用品
962,02122,凯知乐国际,家庭及个人护理用品
963,02127,汇森家居,家庭及个人护理用品
964,02223,卡撒天娇,家庭及个人护理用品
965,03331,维达国际,家庭及个人护理用品
966,03358,荣威国际,家庭及个人护理用品
967,03828,明辉国际,家庭及个人护理用品
968,03830,童园国际,家庭及个人护理用品
969,06822,科劲国际,家庭及个人护理用品
970,06918,奇士达,家庭及个人护理用品
971,06993,蓝月亮集团,家庭及个人护理用品
972,08101,壹家壹品,家庭及个人护理用品
973,08147,汇思太平洋,家庭及个人护理用品
974,08281,中国金典集团,家庭及个人护理用品
975,08370,智N集团控股,家庭及个人护理用品
976,08392,舍图控股,家庭及个人护理用品
977,08395,齐家控股,家庭及个人护理用品
978,08406,合宝丰年,家庭及个人护理用品
979,08436,德宝集团控股,家庭及个人护理用品
980,08451,日光控股,家庭及个人护理用品
981,08473,弥明生活百货,家庭及个人护理用品
982,08512,凯富善集团控股,家庭及个人护理用品
983,08545,佰悦集团,家庭及个人护理用品
984,08547,PACIFIC,家庭及个人护理用品
985,08659,易和国际控股,家庭及个人护理用品
986,09992,泡泡玛特,家庭及个人护理用品
987,00097,恒基发展,零售
988,00162,世纪金花,零售
989,00244,先施,零售
990,00273,茂宸集团,零售
991,00289,永安,零售
992,00312,岁宝百货,零售
993,00602,佳华百货控股,零售
994,00759,ＣＥＣ国际控股,零售
995,00814,北京京客隆,零售
996,00825,新世界百货中国,零售
997,00831,利亚零售,零售
998,00848,茂业国际,零售
999,00974,中国顺客隆,零售
1000,00980,联华超市,零售
1001,00984,永旺,零售
1002,01212,利福国际,零售
1003,02136,利福中国,零售
1004,02213,益华控股,零售
1005,02360,优品３６０,零售
1006,03308,金鹰商贸集团,零售
1007,03368,百盛集团,零售
1008,06808,高鑫零售,零售
1009,00022,茂盛控股,酒店、餐饮及休闲
1010,00027,银河娱乐,酒店、餐饮及休闲
1011,00045,大酒店,酒店、餐饮及休闲
1012,00047,合兴集团,酒店、餐饮及休闲
1013,00052,大快活集团,酒店、餐饮及休闲
1014,00069,香格里拉（亚洲）,酒店、餐饮及休闲
1015,00070,金粤控股,酒店、餐饮及休闲
1016,00071,美丽华酒店,酒店、餐饮及休闲
1017,00078,富豪国际,酒店、餐饮及休闲
1018,00102,凯升控股,酒店、餐饮及休闲
1019,00126,佳宁娜,酒店、餐饮及休闲
1020,00156,力宝华润,酒店、餐饮及休闲
1021,00163,英皇国际,酒店、餐饮及休闲
1022,00169,万达酒店发展,酒店、餐饮及休闲
1023,00181,闽港控股,酒店、餐饮及休闲
1024,00184,激成投资,酒店、餐饮及休闲
1025,00199,德祥地产,酒店、餐饮及休闲
1026,00200,新濠国际发展,酒店、餐饮及休闲
1027,00201,华大酒店,酒店、餐饮及休闲
1028,00219,顺豪物业,酒店、餐饮及休闲
1029,00226,力宝,酒店、餐饮及休闲
1030,00234,新世纪集团,酒店、餐饮及休闲
1031,00253,顺豪控股,酒店、餐饮及休闲
1032,00254,国家联合资源,酒店、餐饮及休闲
1033,00265,东胜旅游,酒店、餐饮及休闲
1034,00292,泛海酒店,酒店、餐饮及休闲
1035,00296,英皇娱乐酒店,酒店、餐饮及休闲
1036,00308,香港中旅,酒店、餐饮及休闲
1037,00341,大家乐集团,酒店、餐饮及休闲
1038,00355,世纪城市国际,酒店、餐饮及休闲
1039,00487,实德环球,酒店、餐饮及休闲
1040,00520,呷哺呷哺,酒店、餐饮及休闲
1041,00521,CWT,酒店、餐饮及休闲
1042,00538,味千（中国）,酒店、餐饮及休闲
1043,00542,富元国际集团,酒店、餐饮及休闲
1044,00555,御泰中彩控股,酒店、餐饮及休闲
1045,00557,天元医疗,酒店、餐饮及休闲
1046,00559,德泰新能源集团,酒店、餐饮及休闲
1047,00573,稻香控股,酒店、餐饮及休闲
1048,00582,蓝鼎国际,酒店、餐饮及休闲
1049,00617,百利保控股,酒店、餐饮及休闲
1050,00657,环科国际,酒店、餐饮及休闲
1051,00678,云顶香港,酒店、餐饮及休闲
1052,00699,神州租车,酒店、餐饮及休闲
1053,00703,佳景集团,酒店、餐饮及休闲
1054,00780,同程艺龙,酒店、餐饮及休闲
1055,00880,澳博控股,酒店、餐饮及休闲
1056,00959,世纪娱乐国际,酒店、餐饮及休闲
1057,01007,龙辉国际控股―新,酒店、餐饮及休闲
1058,01076,博华太平洋,酒店、餐饮及休闲
1059,01128,永利澳门,酒店、餐饮及休闲
1060,01158,开元酒店,酒店、餐饮及休闲
1061,01179,华住集团－Ｓ,酒店、餐饮及休闲
1062,01180,汇彩控股,酒店、餐饮及休闲
1063,01181,唐宫中国,酒店、餐饮及休闲
1064,01182,胜龙国际,酒店、餐饮及休闲
1065,01189,大湾区聚变力量,酒店、餐饮及休闲
1066,01215,开源控股,酒店、餐饮及休闲
1067,01221,信和酒店,酒店、餐饮及休闲
1068,01235,专业旅运,酒店、餐饮及休闲
1069,01245,NIRAKU,酒店、餐饮及休闲
1070,01270,朗廷－ＳＳ,酒店、餐饮及休闲
1071,01275,开元产业信托,酒店、餐饮及休闲
1072,01314,翠华控股,酒店、餐饮及休闲
1073,01355,^F国际,酒店、餐饮及休闲
1074,01371,华彩控股,酒店、餐饮及休闲
1075,01383,太阳城集团,酒店、餐饮及休闲
1076,01443,富临集团控股,酒店、餐饮及休闲
1077,01483,誉宴集团,酒店、餐饮及休闲
1078,01488,百福控股,酒店、餐饮及休闲
1079,01566,华夏文化科技,酒店、餐饮及休闲
1080,01620,加达控股,酒店、餐饮及休闲
1081,01655,OKURA,酒店、餐饮及休闲
1082,01661,智美体育,酒店、餐饮及休闲
1083,01680,澳门励骏,酒店、餐饮及休闲
1084,01701,途屹控股,酒店、餐饮及休闲
1085,01703,首沣控股,酒店、餐饮及休闲
1086,01803,北京体育文化,酒店、餐饮及休闲
1087,01832,海天地悦旅,酒店、餐饮及休闲
1088,01843,快餐帝国,酒店、餐饮及休闲
1089,01869,利宝阁集团,酒店、餐饮及休闲
1090,01881,富豪产业信托,酒店、餐饮及休闲
1091,01901,飞扬集团,酒店、餐饮及休闲
1092,01928,金沙中国有限公司,酒店、餐饮及休闲
1093,01978,叙福楼集团,酒店、餐饮及休闲
1094,01992,复星旅游文化,酒店、餐饮及休闲
1095,02006,锦江资本,酒店、餐饮及休闲
1096,02108,K2,酒店、餐饮及休闲
1097,02255,海昌海洋公园,酒店、餐饮及休闲
1098,02282,美高梅中国,酒店、餐饮及休闲
1099,02309,伯明翰体育,酒店、餐饮及休闲
1100,02981,龙辉国际控股―旧,酒店、餐饮及休闲
1101,03666,国际天食,酒店、餐饮及休闲
1102,03918,金界控股,酒店、餐饮及休闲
1103,06811,太兴集团,酒店、餐饮及休闲
1104,06862,海底捞,酒店、餐饮及休闲
1105,06882,东瀛游,酒店、餐饮及休闲
1106,06889,DYNAM,酒店、餐饮及休闲
1107,08032,非凡中国,酒店、餐饮及休闲
1108,08052,陆庆娱乐,酒店、餐饮及休闲
1109,08056,生活概念,酒店、餐饮及休闲
1110,08063,环球大通集团,酒店、餐饮及休闲
1111,08069,纵横游控股,酒店、餐饮及休闲
1112,08095,北大青鸟环宇,酒店、餐饮及休闲
1113,08096,赏之味,酒店、餐饮及休闲
1114,08120,国农金融投资,酒店、餐饮及休闲
1115,08156,国药科技股份,酒店、餐饮及休闲
1116,08213,荣晖控股,酒店、餐饮及休闲
1117,08232,CLASSIFIED,酒店、餐饮及休闲
1118,08237,华星控股,酒店、餐饮及休闲
1119,08272,华人饮食集团,酒店、餐饮及休闲
1120,08279,亚博科技控股,酒店、餐饮及休闲
1121,08300,皇玺餐饮集团,酒店、餐饮及休闲
1122,08308,古兜控股,酒店、餐饮及休闲
1123,08367,倩碧控股,酒店、餐饮及休闲
1124,08371,高美集团,酒店、餐饮及休闲
1125,08400,亚洲先锋娱乐,酒店、餐饮及休闲
1126,08412,高门集团,酒店、餐饮及休闲
1127,08428,国茂控股,酒店、餐饮及休闲
1128,08431,浩柏国际,酒店、餐饮及休闲
1129,08432,太平洋酒吧,酒店、餐饮及休闲
1130,08447,MS,酒店、餐饮及休闲
1131,08475,千盛集团控股,酒店、餐饮及休闲
1132,08493,龙皇集团,酒店、餐饮及休闲
1133,08495,1957,酒店、餐饮及休闲
1134,08510,TOPSTANDARDCORP,酒店、餐饮及休闲
1135,08519,佳民集团,酒店、餐饮及休闲
1136,08527,聚利宝控股,酒店、餐饮及休闲
1137,08668,瀛海集团,酒店、餐饮及休闲
1138,09922,九毛九,酒店、餐饮及休闲
1139,09987,百胜中国－Ｓ,酒店、餐饮及休闲
1140,00018,东方报业集团,媒体
1141,00072,现代传播,媒体
1142,00100,白马户外媒体,媒体
1143,00150,HYPEBEAST,媒体
1144,00205,财讯传媒,媒体
1145,00282,壹传媒,媒体
1146,00326,中国星集团,媒体
1147,00343,文化传信,媒体
1148,00391,美亚娱乐资讯,媒体
1149,00423,经济日报集团,媒体
1150,00426,万华媒体,媒体
1151,00491,英皇文化产业,媒体
1152,00511,电视广播,媒体
1153,00547,数字王国,媒体
1154,00550,ＫＫ文化,媒体
1155,00571,丰德丽控股,媒体
1156,00623,中视金桥,媒体
1157,00685,世界华文媒体,媒体
1158,00745,中国国家文化产业,媒体
1159,00752,笔克远东,媒体
1160,00772,阅文集团,媒体
1161,00811,新华文轩,媒体
1162,00888,贝森金融,媒体
1163,00953,邵氏兄弟控股,媒体
1164,01000,北青传媒,媒体
1165,01003,欢喜传媒,媒体
1166,01024,快手－Ｗ,媒体
1167,01046,寰宇娱乐文化,媒体
1168,01060,阿里影业,媒体
1169,01097,有线宽频,媒体
1170,01105,星岛,媒体
1171,01132,橙天嘉禾,媒体
1172,01159,星光文化,媒体
1173,01163,虎视传媒,媒体
1174,01326,传递娱乐,媒体
1175,01351,辉煌明天,媒体
1176,01360,诺发集团,媒体
1177,01490,CHESHI,媒体
1178,01616,星宏传媒,媒体
1179,01640,瑞诚中国传媒,媒体
1180,01716,毛记葵涌,媒体
1181,01740,新石文化,媒体
1182,01753,兑吧,媒体
1183,01831,十方控股,媒体
1184,01849,秀商时代控股,媒体
1185,01859,煜盛文化,媒体
1186,01896,猫眼娱乐,媒体
1187,01917,豆盟科技,媒体
1188,01970,IMAX,媒体
1189,01993,雅仕维,媒体
1190,02008,凤凰卫视,媒体
1191,02125,稻草熊娱乐,媒体
1192,02131,云想科技,媒体
1193,02230,羚邦集团,媒体
1194,02366,星美文化旅游,媒体
1195,02383,ＴＯＭ集团,媒体
1196,03636,保利文化,媒体
1197,06113,UTS,媒体
1198,08003,世大控股,媒体
1199,08006,华泰瑞银,媒体
1200,08075,寰亚传媒,媒体
1201,08078,中国创意数码,媒体
1202,08082,太阳娱乐集团,媒体
1203,08087,中国三三传媒,媒体
1204,08091,奥传思维控股,媒体
1205,08093,万星控股,媒体
1206,08103,ＨＭＶＯＤ视频,媒体
1207,08112,基石金融,媒体
1208,08121,超凡网络,媒体
1209,08130,大地国际集团,媒体
1210,08153,法诺集团,媒体
1211,08172,拉近网娱,媒体
1212,08175,中国数码文化,媒体
1213,08202,汇创控股,媒体
1214,08220,比高集团,媒体
1215,08228,国艺娱乐,媒体
1216,08238,惠陶集团,媒体
1217,08280,中国数字视频,媒体
1218,08317,财华社集团,媒体
1219,08368,中国创意控股,媒体
1220,08401,源想集团,媒体
1221,08403,天平道合,媒体
1222,08419,ＡＶ策划推广,媒体
1223,08429,冰雪集团,媒体
1224,08446,ITP,媒体
1225,08500,天泓文创,媒体
1226,08627,旅橙文化,媒体
1227,09919,艾德韦宣集团,媒体
1228,09958,力天影业,媒体
1229,00062,载通,运输
1230,00066,港铁公司,运输
1231,00077,进智公共交通,运输
1232,00137,金辉集团,运输
1233,00144,招商局港口,运输
1234,00293,国泰航空,运输
1235,00306,冠忠巴士集团,运输
1236,00316,东方海外国际,运输
1237,00351,亚洲能源物流,运输
1238,00500,先丰服务集团,运输
1239,00525,广深铁路股份,运输
1240,00544,大同集团,运输
1241,00560,珠江船务,运输
1242,00598,中国外运,运输
1243,00636,嘉里物流,运输
1244,00670,中国东方航空股份,运输
1245,00753,中国国航,运输
1246,00925,北京建设,运输
1247,00935,龙翔集团,运输
1248,00988,丝路物流控股,运输
1249,01055,中国南方航空股份,运输
1250,01138,中远海能,运输
1251,01145,勇利投资,运输
1252,01199,中远海运港口,运输
1253,01292,长安民生物流,运输
1254,01308,海丰国际,运输
1255,01442,INFINITY,运输
1256,01529,健升物流中国,运输
1257,01549,永丰集团控股,运输
1258,01606,国银租赁,运输
1259,01719,中国通商集团,运输
1260,01732,象兴国际,运输
1261,01737,亚洲实业集团,运输
1262,01748,信源企业集团,运输
1263,01848,中国飞机租赁,运输
1264,01919,中远海控,运输
1265,02057,中通快递－ＳＷ,运输
1266,02129,LEGION,运输
1267,02130,嘉泓物流,运输
1268,02169,沧港铁路,运输
1269,02258,华滋国际海洋,运输
1270,02343,太平洋航运,运输
1271,02588,中银航空租赁,运输
1272,02682,润利海事,运输
1273,02866,中远海发,运输
1274,02880,大连港,运输
1275,03369,秦港股份,运输
1276,03378,厦门港务,运输
1277,03382,天津港发展,运输
1278,03399,粤运交通,运输
1279,03683,荣丰联合控股,运输
1280,06083,环宇物流（亚洲）,运输
1281,06117,日照港裕廊,运输
1282,06119,天源集团,运输
1283,06123,圆通速递国际,运输
1284,06198,青岛港,运输
1285,06880,腾邦控股,运输
1286,08020,宏海控股集团,运输
1287,08035,骏高控股,运输
1288,08292,盛良物流（新）,运输
1289,08430,春能控股,运输
1290,08482,万励达,运输
1291,08489,裕程物流,运输
1292,08502,远航港口,运输
1293,08585,盛良物流,运输
1294,08620,亚洲速运,运输
1295,00032,港通控股,工商及专业服务
1296,00055,中星集团控股,工商及专业服务
1297,00079,世纪建业,工商及专业服务
1298,00145,香港建屋贷款,工商及专业服务
1299,00154,北京控股环境集团,工商及专业服务
1300,00309,新华通讯频媒,工商及专业服务
1301,00382,中汇集团,工商及专业服务
1302,00436,新宇环保,工商及专业服务
1303,00450,鸿兴印刷集团,工商及专业服务
1304,00556,泛亚环保,工商及专业服务
1305,00586,海螺创业,工商及专业服务
1306,00667,中国东方教育,工商及专业服务
1307,00839,中教控股,工商及专业服务
1308,00895,东江环保,工商及专业服务
1309,00915,道和环球,工商及专业服务
1310,00922,安贤园中国,工商及专业服务
1311,00979,绿色能源科技集团,工商及专业服务
1312,00982,华金国际资本,工商及专业服务
1313,00997,普汇中金国际,工商及专业服务
1314,01082,香港教育国际,工商及专业服务
1315,01127,狮子山集团,工商及专业服务
1316,01130,中国环境资源,工商及专业服务
1317,01172,融太集团,工商及专业服务
1318,01196,伟禄集团,工商及专业服务
1319,01272,大唐环境,工商及专业服务
1320,01296,国电科环,工商及专业服务
1321,01317,枫叶教育,工商及专业服务
1322,01328,金涌投资,工商及专业服务
1323,01330,绿色动力环保,工商及专业服务
1324,01397,碧瑶绿色集团,工商及专业服务
1325,01412,隽思集团,工商及专业服务
1326,01448,福寿园,工商及专业服务
1327,01449,立德教育,工商及专业服务
1328,01452,迪诺斯环保,工商及专业服务
1329,01481,竣球控股,工商及专业服务
1330,01525,建桥教育,工商及专业服务
1331,01527,天洁环境,工商及专业服务
1332,01540,澳狮环球,工商及专业服务
1333,01565,成实外教育,工商及专业服务
1334,01569,民生教育,工商及专业服务
1335,01586,中国力鸿,工商及专业服务
1336,01593,辰林教育,工商及专业服务
1337,01598,２１世纪教育,工商及专业服务
1338,01631,REF,工商及专业服务
1339,01650,HYGIEIA,工商及专业服务
1340,01673,华章科技,工商及专业服务
1341,01685,博耳电力,工商及专业服务
1342,01752,澳洲成峰高教,工商及专业服务
1343,01756,华立大学集团,工商及专业服务
1344,01758,博骏教育,工商及专业服务
1345,01765,希望教育,工商及专业服务
1346,01769,思考乐教育,工商及专业服务
1347,01773,天立教育,工商及专业服务
1348,01775,精英汇集团,工商及专业服务
1349,01797,新东方在Q,工商及专业服务
1350,01841,优越集团控股,工商及专业服务
1351,01845,维港环保科技,工商及专业服务
1352,01851,银杏教育,工商及专业服务
1353,01871,向中国际,工商及专业服务
1354,01884,ＥＰＲＩＮＴ集团,工商及专业服务
1355,01890,中国科培,工商及专业服务
1356,01935,嘉宏教育,工商及专业服务
1357,01939,东京中央拍卖,工商及专业服务
1358,01945,清科创业,工商及专业服务
1359,01955,庄臣控股,工商及专业服务
1360,01969,中国春来,工商及专业服务
1361,01975,新兴印刷,工商及专业服务
1362,01981,华夏视听教育,工商及专业服务
1363,02001,新高教集团,工商及专业服务
1364,02098,卓尔智联,工商及专业服务
1365,02180,万宝盛华,工商及专业服务
1366,02225,今海国际,工商及专业服务
1367,02371,创联教育金融,工商及专业服务
1368,02662,美好发展,工商及专业服务
1369,02668,百德国际,工商及专业服务
1370,02779,中国新华教育,工商及专业服务
1371,03718,北控城市资源,工商及专业服务
1372,03978,卓越教育集团,工商及专业服务
1373,06068,睿见教育,工商及专业服务
1374,06100,同道猎聘,工商及专业服务
1375,06169,宇华教育,工商及专业服务
1376,06812,永顺控股香港,工商及专业服务
1377,06919,人瑞人才,工商及专业服务
1378,06966,中国万桐园,工商及专业服务
1379,08027,吉辉控股,工商及专业服务
1380,08031,易通讯集团,工商及专业服务
1381,08042,高奥士国际,工商及专业服务
1382,08047,中国海洋发展,工商及专业服务
1383,08055,中国网络信息科技,工商及专业服务
1384,08067,东方大学城控股,工商及专业服务
1385,08072,罗马集团,工商及专业服务
1386,08079,易还财务投资,工商及专业服务
1387,08108,福泽集团,工商及专业服务
1388,08160,金汇教育,工商及专业服务
1389,08166,中国农业生态,工商及专业服务
1390,08169,环康集团,工商及专业服务
1391,08201,宝联控股,工商及专业服务
1392,08203,凯顺控股,工商及专业服务
1393,08206,神通机器人教育,工商及专业服务
1394,08260,银合控股,工商及专业服务
1395,08293,星亚控股,工商及专业服务
1396,08296,中国生命集团,工商及专业服务
1397,08309,万成环球控股,工商及专业服务
1398,08310,大丰港,工商及专业服务
1399,08315,长城汇理,工商及专业服务
1400,08320,沛然环保,工商及专业服务
1401,08348,滨海泰达物流,工商及专业服务
1402,08363,SDM,工商及专业服务
1403,08383,东骏控股,工商及专业服务
1404,08385,万里印刷,工商及专业服务
1405,08391,基石科技控股,工商及专业服务
1406,08416,HM,工商及专业服务
1407,08417,大地教育,工商及专业服务
1408,08441,国际永胜集团,工商及专业服务
1409,08448,环球印馆,工商及专业服务
1410,08450,钜京控股,工商及专业服务
1411,08462,桥英控股,工商及专业服务
1412,08472,立高控股,工商及专业服务
1413,08483,名仕快相,工商及专业服务
1414,09616,东软教育,工商及专业服务
1415,09901,新东方－Ｓ,工商及专业服务
1416,09986,大山教育,工商及专业服务
1417,00107,四川成渝高速公路,交通设施
1418,00152,深圳国际,交通设施
1419,00177,江苏宁沪高速公路,交通设施
1420,00269,中国资源交通,交通设施
1421,00357,美兰空港,交通设施
1422,00548,深圳高速公路股份,交通设施
1423,00576,浙江沪杭甬,交通设施
1424,00694,北京首都机场股份,交通设施
1425,00737,湾区发展,交通设施
1426,00995,安徽皖通高速公路,交通设施
1427,01052,越秀交通基建,交通设施
1428,01576,齐鲁高速,交通设施
1429,01785,成都高速,交通设施
1430,01823,华昱高速,交通设施
1431,80737,湾区发展－Ｒ,交通设施
1432,00008,电讯盈科,电讯服务
1433,00215,和记电讯香港,电讯服务
1434,00315,数码通电讯,电讯服务
1435,00471,中播控股,电讯服务
1436,00524,长城一带一路,电讯服务
1437,00633,中国全通,电讯服务
1438,00728,中国电信,电讯服务
1439,00762,中国联通,电讯服务
1440,00941,中国移动,电讯服务
1441,01045,亚太卫星,电讯服务
1442,01310,香港宽频,电讯服务
1443,01723,港亚控股,电讯服务
1444,01883,中信国际电讯,电讯服务
1445,06033,电讯数码控股,电讯服务
1446,06823,香港电讯－ＳＳ,电讯服务
1447,08337,直通电讯（新）,电讯服务
1448,08586,直通电讯,电讯服务
1449,00002,中电控股,公用事业
1450,00003,香港中华煤气,公用事业
1451,00006,电能实业,公用事业
1452,00090,普星能量,公用事业
1453,00135,昆仑能源,公用事业
1454,00182,协合新能源,公用事业
1455,00257,光大环境,公用事业
1456,00270,粤海投资,公用事业
1457,00295,江山控股,公用事业
1458,00362,信阳毛尖,公用事业
1459,00371,北控水务集团,公用事业
1460,00384,中国燃气,公用事业
1461,00392,北京控股,公用事业
1462,00451,协鑫新能源,公用事业
1463,00527,瑞风新能源,公用事业
1464,00579,京能清洁能源,公用事业
1465,00603,中油燃气,公用事业
1466,00611,中国核能科技,公用事业
1467,00646,中国环保科技,公用事业
1468,00681,中民控股,公用事业
1469,00686,北京能源国际,公用事业
1470,00807,上海实业环境,公用事业
1471,00836,华润电力,公用事业
1472,00855,中国水务,公用事业
1473,00902,华能国际电力股份,公用事业
1474,00916,龙源电力,公用事业
1475,00931,中国天然气,公用事业
1476,00956,新天绿色能源,公用事业
1477,00967,桑德国际,公用事业
1478,00987,中国再生能源投资,公用事业
1479,00991,大唐发电,公用事业
1480,01004,中国智慧能源,公用事业
1481,01026,环球实业科技,公用事业
1482,01038,长江基建集团,公用事业
1483,01065,天津创业环保股份,公用事业
1484,01071,华电国际电力股份,公用事业
1485,01083,港华燃气,公用事业
1486,01096,中能国际控股,公用事业
1487,01129,中国水业集团,公用事业
1488,01165,顺风清洁能源,公用事业
1489,01193,华润燃气,公用事业
1490,01250,北控清洁能源集团,公用事业
1491,01257,中国光大绿色环保,公用事业
1492,01265,天津津燃公用,公用事业
1493,01281,隆基泰和智慧能源,公用事业
1494,01363,中滔环保,公用事业
1495,01381,粤丰环保,公用事业
1496,01395,强泰环保,公用事业
1497,01430,苏创燃气,公用事业
1498,01542,台州水务,公用事业
1499,01600,天伦燃气,公用事业
1500,01635,大众公用,公用事业
1501,01671,天保能源,公用事业
1502,01713,四川能投发展,公用事业
1503,01759,中油洁能控股,公用事业
1504,01790,达力环保,公用事业
1505,01798,大唐新能源,公用事业
1506,01811,中广核新能源,公用事业
1507,01816,中广核电力,公用事业
1508,01853,春城热力,公用事业
1509,01857,中国光大水务,公用事业
1510,02281,兴泸水务,公用事业
1511,02380,中国电力,公用事业
1512,02638,港灯－ＳＳ,公用事业
1513,02688,新奥能源,公用事业
1514,02886,滨海投资,公用事业
1515,03633,中裕燃气,公用事业
1516,03768,滇池水务,公用事业
1517,03868,信义能源,公用事业
1518,03989,首创环境,公用事业
1519,06136,康达环保,公用事业
1520,06828,北京燃气蓝天,公用事业
1521,06839,云南水务,公用事业
1522,08117,中国基础能源,公用事业
1523,08128,中国地热能,公用事业
1524,08196,建禹集团,公用事业
1525,08326,同景新能源,公用事业
1526,08536,TL,公用事业
1527,09908,嘉兴燃气,公用事业
1528,00005,汇丰控股,银行
1529,00011,恒生银行,银行
1530,00023,东亚银行,银行
1531,00416,锦州银行,银行
1532,00440,大新金融,银行
1533,00626,大众金融控股,银行
1534,00939,建设银行,银行
1535,00998,中信银行,银行
1536,01111,创兴银行,银行
1537,01216,中原银行,银行
1538,01288,农业银行,银行
1539,01398,工商银行,银行
1540,01551,广州农商银行,银行
1541,01578,天津银行,银行
1542,01658,邮储银行,银行
1543,01916,江西银行,银行
1544,01963,重庆银行,银行
1545,01983,泸州银行,银行
1546,01988,民生银行,银行
1547,02016,浙商银行,银行
1548,02066,盛京银行,银行
1549,02139,甘肃银行,银行
1550,02356,大新银行集团,银行
1551,02388,中银香港,银行
1552,02558,晋商银行,银行
1553,02888,渣打集团,银行
1554,03328,交通银行,银行
1555,03618,重庆农村商业银行,银行
1556,03698,徽商银行,银行
1557,03866,青岛银行,银行
1558,03968,招商银行,银行
1559,03988,中国银行,银行
1560,06122,九台农商银行,银行
1561,06138,哈尔滨银行,银行
1562,06190,九江银行,银行
1563,06196,郑州银行,银行
1564,06199,贵州银行,银行
1565,06818,中国光大银行,银行
1566,09668,渤海银行,银行
1567,09677,威海银行,银行
1568,00222,闽信集团,保险
1569,00376,云锋金融,保险
1570,00662,亚洲金融,保险
1571,00945,宏利金融－Ｓ,保险
1572,00966,中国太平,保险
1573,01019,康宏环球,保险
1574,01299,友邦保险,保险
1575,01336,新华保险,保险
1576,01339,中国人民保险集团,保险
1577,01508,中国再保险,保险
1578,02318,中国平安,保险
1579,02328,中国财险,保险
1580,02378,保诚,保险
1581,02601,中国太保,保险
1582,02628,中国人寿,保险
1583,06060,众安在Q,保险
1584,06161,泰加保险,保险
1585,08109,麒麟集团控股,保险
1586,00064,结好控股,其他金融
1587,00068,利兴发展,其他金融
1588,00080,中国新经济投资,其他金融
1589,00086,新鸿基公司,其他金融
1590,00109,天成国际,其他金融
1591,00111,信达国际控股,其他金融
1592,00120,四海国际,其他金融
1593,00129,泛海集团,其他金融
1594,00133,招商局中国基金,其他金融
1595,00139,中达集团控股,其他金融
1596,00165,中国光大控股,其他金融
1597,00172,金榜集团,其他金融
1598,00174,盛洋投资,其他金融
1599,00188,新华汇富金融,其他金融
1600,00204,中国投资开发,其他金融
1601,00211,大凌集团,其他金融
1602,00214,汇汉控股,其他金融
1603,00218,申万宏源香港,其他金融
1604,00227,第一上海,其他金融
1605,00231,平安证券集团控股,其他金融
1606,00245,中薇金融,其他金融
1607,00260,幸福控股,其他金融
1608,00263,高富集团控股,其他金融
1609,00279,民众金融科技,其他金融
1610,00290,中国富强金融,其他金融
1611,00310,嘉进投资国际,其他金融
1612,00329,东建国际,其他金融
1613,00335,美建集团,其他金融
1614,00339,核心经济投资,其他金融
1615,00356,鼎立资本,其他金融
1616,00372,保德国际发展,其他金融
1617,00373,联合集团,其他金融
1618,00379,恒嘉融资租赁,其他金融
1619,00388,香港交易所,其他金融
1620,00397,权威金融,其他金融
1621,00412,山高金融,其他金融
1622,00428,中国天弓控股,其他金融
1623,00430,东方兴业控股,其他金融
1624,00431,大中华金融,其他金融
1625,00510,时富金融服务集团,其他金融
1626,00572,未来世界控股,其他金融
1627,00585,意马国际,其他金融
1628,00605,中国金融投资－新,其他金融
1629,00612,中国鼎益丰,其他金融
1630,00613,梧桐国际,其他金融
1631,00619,南华金融,其他金融
1632,00622,威华达控股,其他金融
1633,00628,国美金融科技,其他金融
1634,00629,悦达国际控股,其他金融
1635,00665,海通国际,其他金融
1636,00666,新工投资,其他金融
1637,00668,东银国际控股,其他金融
1638,00697,首程控股,其他金融
1639,00717,英皇证券,其他金融
1640,00721,中国金融国际,其他金融
1641,00736,中国置业投资,其他金融
1642,00764,永恒策略,其他金融
1643,00766,中盈集团控股,其他金融
1644,00767,亚太丝路投资,其他金融
1645,00768,开明投资,其他金融
1646,00770,SHANGHAI,其他金融
1647,00804,鼎石资本,其他金融
1648,00806,惠理集团,其他金融
1649,00810,中国互联网投资,其他金融
1650,00812,西证国际证券,其他金融
1651,00821,汇盈控股,其他金融
1652,00851,盛源控股,其他金融
1653,00863,ＢＣ科技集团,其他金融
1654,00900,ＡＥＯＮ信贷财务,其他金融
1655,00901,金石投资集团,其他金融
1656,00905,环球大通投资,其他金融
1657,00913,合一投资,其他金融
1658,00952,中国通海金融,其他金融
1659,00993,华融金控,其他金融
1660,01031,金利丰金融,其他金融
1661,01041,林达控股,其他金融
1662,01051,国际资源,其他金融
1663,01062,国开国际投资,其他金融
1664,01140,华科资本,其他金融
1665,01141,民银资本,其他金融
1666,01160,优创金融,其他金融
1667,01191,中国中石控股,其他金融
1668,01217,中国创新投资,其他金融
1669,01225,隆成金融,其他金融
1670,01226,中国投融资,其他金融
1671,01227,国盛投资,其他金融
1672,01260,皓天财经集团,其他金融
1673,01273,香港信贷,其他金融
1674,01290,中国汇融,其他金融
1675,01319,霭华押业信贷,其他金融
1676,01359,中国信达,其他金融
1677,01375,中州证券,其他金融
1678,01428,耀才证券金融,其他金融
1679,01456,国联证券,其他金融
1680,01461,鲁证期货,其他金融
1681,01469,结好金融,其他金融
1682,01476,恒投证券,其他金融
1683,01543,中盈盛达融资担保,其他金融
1684,01563,友联租赁,其他金融
1685,01572,中国艺术金融,其他金融
1686,01577,汇鑫小贷,其他金融
1687,01601,中关村科技租赁,其他金融
1688,01669,环球信贷集团,其他金融
1689,01697,山东国信,其他金融
1690,01776,广发证券,其他金融
1691,01788,国泰君安国际,其他金融
1692,01806,汇付天下,其他金融
1693,01835,瑞威资管,其他金融
1694,01905,海通恒信,其他金融
1695,01911,华兴资本控股,其他金融
1696,01915,泰和小贷,其他金融
1697,02003,维信金科,其他金融
1698,02051,５１信用卡,其他金融
1699,02263,富石金融,其他金融
1700,02312,中国金融租赁,其他金融
1701,02324,首都创投,其他金融
1702,02611,国泰君安,其他金融
1703,02680,创控股,其他金融
1704,02718,东正金融,其他金融
1705,02799,中国华融,其他金融
1706,02980,中国金融投资－旧,其他金融
1707,03329,交银国际,其他金融
1708,03360,远东宏信,其他金融
1709,03623,中国金融发展,其他金融
1710,03678,弘业期货,其他金融
1711,03848,富道集团,其他金融
1712,03877,中国船舶租赁,其他金融
1713,03903,瀚华金控,其他金融
1714,03908,中金公司,其他金融
1715,03938,ＬＦＧ投资控股,其他金融
1716,03958,东方证券,其他金融
1717,03963,融众金融,其他金融
1718,06030,中信证券,其他金融
1719,06058,兴证国际,其他金融
1720,06066,中信建投证券,其他金融
1721,06069,盛业资本,其他金融
1722,06099,招商证券,其他金融
1723,06178,光大证券,其他金融
1724,06806,申万宏源,其他金融
1725,06837,海通证券,其他金融
1726,06866,佐力小贷,其他金融
1727,06877,CLSA,其他金融
1728,06878,鼎丰集团控股,其他金融
1729,06881,中国银河,其他金融
1730,06886,ＨＴＳＣ,其他金融
1731,08001,东方汇财证券,其他金融
1732,08017,捷利交易宝,其他金融
1733,08019,皓文控股,其他金融
1734,08025,亚洲资产,其他金融
1735,08029,太阳国际,其他金融
1736,08088,汇友生命科学,其他金融
1737,08090,中国融保金融集团,其他金融
1738,08098,昌利控股,其他金融
1739,08149,浩德控股,其他金融
1740,08155,南华资产控股,其他金融
1741,08163,领智金融,其他金融
1742,08168,宝积资本,其他金融
1743,08187,积木集团,其他金融
1744,08193,亚太金融投资,其他金融
1745,08210,衍汇亚洲,其他金融
1746,08215,第一信用,其他金融
1747,08221,PF,其他金融
1748,08223,紫元元,其他金融
1749,08226,树熊金融集团,其他金融
1750,08239,首都金融控股,其他金融
1751,08295,中植资本国际,其他金融
1752,08333,阿仕特朗金融,其他金融
1753,08340,域高金融,其他金融
1754,08350,骏溢环球金融,其他金融
1755,08365,建泉国际控股,其他金融
1756,08439,新百利融资,其他金融
1757,08452,富银融资股份,其他金融
1758,08525,百应控股,其他金融
1759,08540,胜利证券,其他金融
1760,08613,东方支付集团控股,其他金融
1761,08621,METROPOLIS,其他金融
1762,08657,TRUE,其他金融
1763,00004,九龙仓集团,地产
1764,00009,金奥国际,地产
1765,00010,恒隆集团,地产
1766,00012,恒基地产,地产
1767,00014,希慎兴业,地产
1768,00016,新鸿基地产,地产
1769,00017,新世界发展,地产
1770,00021,大中华地产控股,地产
1771,00026,中华汽车,地产
1772,00028,天安,地产
1773,00029,达力集团,地产
1774,00034,九龙建业,地产
1775,00035,远东发展,地产
1776,00036,远东控股国际,地产
1777,00037,远东酒店实业,地产
1778,00041,鹰君,地产
1779,00050,香港小轮（集团）,地产
1780,00051,海港企业,地产
1781,00053,国浩集团,地产
1782,00059,天誉置业,地产
1783,00063,中亚烯谷集团,地产
1784,00075,渝太地产,地产
1785,00081,中国海外宏洋集团,地产
1786,00083,信和置业,地产
1787,00088,大昌集团,地产
1788,00089,大生地产,地产
1789,00093,添利,地产
1790,00095,绿景中国地产,地产
1791,00101,恒隆地产,地产
1792,00105,凯联国际酒店,地产
1793,00106,朗诗地产,地产
1794,00108,国锐地产,地产
1795,00112,勒泰集团,地产
1796,00115,钧濠集团（新）,地产
1797,00119,保利置业集团,地产
1798,00123,越秀地产,地产
1799,00124,粤海置地,地产
1800,00127,华人置业,地产
1801,00131,卓能（集团）,地产
1802,00141,天禧海嘉控股,地产
1803,00147,国际商业结算,地产
1804,00149,中国农产品交易,地产
1805,00158,万邦投资,地产
1806,00160,汉国置业,地产
1807,00171,银建国际,地产
1808,00173,嘉华国际,地产
1809,00183,宏辉集团,地产
1810,00185,正商实业,地产
1811,00190,香港建设（控股）,地产
1812,00193,冠中地产,地产
1813,00194,廖创兴企业,地产
1814,00207,大悦城地产,地产
1815,00208,保利达资产,地产
1816,00212,南洋集团,地产
1817,00216,建业实业,地产
1818,00224,建生国际,地产
1819,00225,博富临置业,地产
1820,00230,五矿地产,地产
1821,00237,安全货仓,地产
1822,00247,尖沙咀置业,地产
1823,00251,爪哇控股,地产
1824,00258,汤臣集团,地产
1825,00262,迪臣发展国际,地产
1826,00266,天德地产,地产
1827,00271,亚证地产,地产
1828,00272,瑞安房地产,地产
1829,00275,凯华集团,地产
1830,00277,太兴置业,地产
1831,00278,华厦置业,地产
1832,00281,川河集团,地产
1833,00287,永发置业,地产
1834,00298,庄士中国,地产
1835,00299,宝新置地,地产
1836,00313,裕田中国,地产
1837,00337,绿地香港,地产
1838,00352,富阳,地产
1839,00367,庄士机构国际,地产
1840,00369,永泰地产,地产
1841,00405,越秀房产信托基金,地产
1842,00410,ＳＯＨＯ中国,地产
1843,00432,盈大地产,地产
1844,00435,阳光房地产基金,地产
1845,00456,新城市建设发展,地产
1846,00459,美联工商m,地产
1847,00480,香港兴业国际,地产
1848,00495,百利大,地产
1849,00496,卡森国际,地产
1850,00497,资本策略地产,地产
1851,00499,青岛控股,地产
1852,00508,鼎亿集团投资,地产
1853,00519,实力建业,地产
1854,00535,金地商置,地产
1855,00563,上实城市开发,地产
1856,00565,锦艺集团控股,地产
1857,00583,长城环亚控股,地产
1858,00588,北京北辰实业股份,地产
1859,00593,梦东方,地产
1860,00604,深圳控股,地产
1861,00616,高山企业,地产
1862,00618,北大资源,地产
1863,00625,睿富房地产基金,地产
1864,00627,福晟国际,地产
1865,00655,香港华人有限公司,地产
1866,00672,众安集团,地产
1867,00674,中国唐商,地产
1868,00680,南海控股,地产
1869,00683,嘉里建设,地产
1870,00688,中国海外发展,地产
1871,00715,中泛控股,地产
1872,00727,皇冠环球集团,地产
1873,00730,首长四方,地产
1874,00733,合富辉煌,地产
1875,00754,合生创展集团,地产
1876,00755,上海证大,地产
1877,00760,新天地产集团,地产
1878,00778,置富产业信托,地产
1879,00798,中电光谷,地产
1880,00808,泓富产业信托,地产
1881,00813,世茂集团,地产
1882,00817,中国金茂,地产
1883,00823,领展房产基金,地产
1884,00832,建业地产,地产
1885,00845,恒盛地产,地产
1886,00846,明发集团,地产
1887,00859,中昌国际控股,地产
1888,00864,永利地产发展,地产
1889,00865,建德国际控股,地产
1890,00873,世茂服务,地产
1891,00878,金朝阳集团,地产
1892,00884,旭辉控股集团,地产
1893,00898,万事昌国际,地产
1894,00899,亚洲资源,地产
1895,00910,中国三迪,地产
1896,00938,民生国际,地产
1897,00960,龙湖集团,地产
1898,00978,招商局置地,地产
1899,00989,广泽国际发展,地产
1900,00996,嘉年华国际,地产
1901,01009,国际娱乐,地产
1902,01030,新城发展,地产
1903,01036,万科海外,地产
1904,01064,中华国际,地产
1905,01098,路劲,地产
1906,01107,当代置业,地产
1907,01109,华润置地,地产
1908,01113,长实集团,地产
1909,01124,沿海家园,地产
1910,01125,丽丰控股,地产
1911,01153,佳源服务,地产
1912,01168,百仕达控股,地产
1913,01176,珠光控股,地产
1914,01195,京维集团,地产
1915,01200,美联集团,地产
1916,01201,天臣控股,地产
1917,01207,上置集团,地产
1918,01209,华润万象生活,地产
1919,01218,永义国际,地产
1920,01222,宏安集团,地产
1921,01224,中渝置地,地产
1922,01232,金轮天地控股,地产
1923,01233,时代中国控股,地产
1924,01238,宝龙地产,地产
1925,01240,青建国际,地产
1926,01243,宏安地产,地产
1927,01246,保集健康,地产
1928,01278,中国新城镇,地产
1929,01321,中国新城市,地产
1930,01329,首创钜大,地产
1931,01379,温岭工量刃具,地产
1932,01396,粤港湾控股,地产
1933,01417,浦江中国,地产
1934,01426,春泉产业信托,地产
1935,01427,中国天保集团,地产
1936,01502,金融街物业,地产
1937,01503,招商局商业房托,地产
1938,01516,融创服务,地产
1939,01528,红星美凯龙,地产
1940,01538,中奥到家,地产
1941,01560,星星地产,地产
1942,01570,伟业控股,地产
1943,01589,中国物流资产,地产
1944,01622,力高集团,地产
1945,01628,禹洲集团,地产
1946,01638,佳兆业集团,地产
1947,01663,汉港控股,地产
1948,01668,华南城,地产
1949,01730,贤能集团,地产
1950,01755,新城悦服务,地产
1951,01777,花样年控股,地产
1952,01778,彩生活,地产
1953,01813,合景泰富集团,地产
1954,01821,ESR,地产
1955,01838,CHINAPROPERTIES,地产
1956,01862,景瑞控股,地产
1957,01895,鑫苑服务,地产
1958,01902,银城国际控股,地产
1959,01908,建发国际集团,地产
1960,01918,融创中国,地产
1961,01922,银城生活服务,地产
1962,01941,烨星集团,地产
1963,01966,中骏集团控股,地产
1964,01971,弘阳服务,地产
1965,01972,太古地产,地产
1966,01995,永升生活服务,地产
1967,01996,弘阳地产,地产
1968,01997,九龙仓置业,地产
1969,02007,碧桂园,地产
1970,02019,德信中国,地产
1971,02048,易居企业控股,地产
1972,02080,奥克斯国际,地产
1973,02088,西王置业,地产
1974,02103,新力控股集团,地产
1975,02107,第一服务控股,地产
1976,02117,大唐集团控股,地产
1977,02118,天山发展控股,地产
1978,02146,荣万家,地产
1979,02156,建发物业,地产
1980,02168,佳兆业美好,地产
1981,02183,三盛控股,地产
1982,02202,万科企业,地产
1983,02231,景业名邦集团,地产
1984,02278,海蓝控股,地产
1985,02286,辰兴发展,地产
1986,02288,宏基资本,地产
1987,02292,晋安实业,地产
1988,02310,时代环球集团,地产
1989,02329,国瑞置业,地产
1990,02330,中国上城,地产
1991,02349,中国城市基础设施,地产
1992,02379,中天国际,地产
1993,02599,祥生控股集团,地产
1994,02606,蓝光嘉宝服务,地产
1995,02608,阳光１００中国,地产
1996,02669,中海物业,地产
1997,02699,新明中国,地产
1998,02768,佳源国际控股,地产
1999,02772,中梁控股,地产
2000,02777,富力地产,地产
2001,02778,冠君产业信托,地产
2002,02868,首创置业,地产
2003,02869,绿城服务,地产
2004,02892,万城控股,地产
2005,02985,钧濠集团,地产
2006,03301,融信中国,地产
2007,03316,滨江服务,地产
2008,03319,雅生活服务,地产
2009,03333,中国恒大,地产
2010,03366,华侨城（亚洲）,地产
2011,03377,远洋集团,地产
2012,03380,龙光集团,地产
2013,03383,雅居乐集团,地产
2014,03603,信基沙溪,地产
2015,03616,恒达集团控股,地产
2016,03639,亿达中国,地产
2017,03662,奥园健康,地产
2018,03688,莱蒙国际,地产
2019,03699,光大永年,地产
2020,03883,中国奥园,地产
2021,03900,绿城中国,地产
2022,03913,合景悠活,地产
2023,03990,美的置业,地产
2024,03992,创毅控股,地产
2025,06049,保利物业,地产
2026,06090,胜捷企业,地产
2027,06093,和泓服务,地产
2028,06098,碧桂园服务,地产
2029,06111,大发地产,地产
2030,06158,正荣地产,地产
2031,06166,中国宏泰发展,地产
2032,06666,恒大物业,地产
2033,06668,星盛商业,地产
2034,06677,远洋服务,地产
2035,06805,金茂源环保,地产
2036,06900,上坤地产,地产
2037,06958,正荣服务,地产
2038,06968,港龙中国地产,地产
2039,06989,卓越商企服务,地产
2040,06999,领地控股,地产
2041,08022,永耀集团控股,地产
2042,08030,汇联金融服务,地产
2043,08181,时时服务,地产
2044,08242,新威斯顿,地产
2045,08271,环球数码创意,地产
2046,08313,杰地集团,地产
2047,08426,雅居投资控股,地产
2048,09608,宋都服务,地产
2049,09666,金科服务,地产
2050,09909,宝龙商业,地产
2051,09916,兴业物联,地产
2052,09928,时代邻里,地产
2053,09968,汇景控股,地产
2054,09978,方圆房服集团,地产
2055,09983,建业新生活,地产
2056,09993,金辉控股,地产
2057,87001,汇贤产业信托,地产
2058,00058,新威国际,建筑
2059,00153,中国赛特,建筑
2060,00240,利基控股,建筑
2061,00366,陆氏集团（越南）,建筑
2062,00368,德合集团,建筑
2063,00380,冠力国际,建筑
2064,00385,建联集团,建筑
2065,00390,中国中铁,建筑
2066,00406,有利集团,建筑
2067,00498,保华集团,建筑
2068,00577,南岸集团,建筑
2069,00589,建中建设,建筑
2070,00610,惠记集团,建筑
2071,00630,隽泰控股,建筑
2072,00687,泰N集团,建筑
2073,00691,山水水泥,建筑
2074,00695,东吴水泥,建筑
2075,00701,北海集团,建筑
2076,00711,亚洲联合基建控股,建筑
2077,00726,筑友智造科技,建筑
2078,00743,亚洲水泥（中国）,建筑
2079,00747,渖阳公用发展股份,建筑
2080,00750,水发兴业能源,建筑
2081,00784,凌锐控股,建筑
2082,00830,中国建筑兴业,建筑
2083,00871,中国疏浚环保,建筑
2084,00896,兴胜创建,建筑
2085,00914,海螺水泥,建筑
2086,00924,坤集团,建筑
2087,00936,鹏程亚洲,建筑
2088,00983,瑞安建业,建筑
2089,00994,中天宏信,建筑
2090,01001,沪港联合,建筑
2091,01034,富汇建筑控股,建筑
2092,01102,环能国际,建筑
2093,01118,高力集团,建筑
2094,01162,莹岚集团,建筑
2095,01183,澳能建设,建筑
2096,01186,中国铁建,建筑
2097,01220,志道国际,建筑
2098,01252,中国天瑞水泥,建筑
2099,01253,中国绿地博大绿泽,建筑
2100,01271,佳明集团控股,建筑
2101,01283,高集团控股,建筑
2102,01301,德基科技控股,建筑
2103,01312,同方康泰,建筑
2104,01313,华润水泥控股,建筑
2105,01315,允升国际,建筑
2106,01341,昊天国际建投,建筑
2107,01343,伟源控股,建筑
2108,01372,比速科技,建筑
2109,01376,RAFFLESINTERIOR,建筑
2110,01408,濠江机电,建筑
2111,01416,CTR,建筑
2112,01420,川控股,建筑
2113,01421,工盖有限公司,建筑
2114,01429,天任集团,建筑
2115,01447,新福港,建筑
2116,01459,巨匠建设,建筑
2117,01462,金诚控股,建筑
2118,01472,生兴控股,建筑
2119,01486,思城控股,建筑
2120,01495,集一控股,建筑
2121,01496,亚积邦租赁,建筑
2122,01499,欧科云链,建筑
2123,01500,现恒建筑,建筑
2124,01546,德莱建业,建筑
2125,01547,IBI,建筑
2126,01552,BHCC,建筑
2127,01556,建业建荣,建筑
2128,01557,剑虹集团控股,建筑
2129,01559,均安控股,建筑
2130,01568,承达集团,建筑
2131,01581,进N集团控股,建筑
2132,01582,华营建筑,建筑
2133,01591,汛和集团,建筑
2134,01592,基石控股,建筑
2135,01599,城建设计,建筑
2136,01615,奥邦建筑,建筑
2137,01618,中国中冶,建筑
2138,01627,安保工程控股,建筑
2139,01630,建成控股,建筑
2140,01633,上谕集团,建筑
2141,01637,顺兴集团控股,建筑
2142,01647,雄岸科技,建筑
2143,01649,内蒙古能建,建筑
2144,01653,MOS,建筑
2145,01662,义合控股,建筑
2146,01667,进阶发展,建筑
2147,01683,旷逸国际,建筑
2148,01690,立基工程控股,建筑
2149,01693,璋利国际,建筑
2150,01706,双运控股,建筑
2151,01707,致浩达控股,建筑
2152,01718,宏基集团控股,建筑
2153,01722,建鹏控股,建筑
2154,01726,HKE,建筑
2155,01727,河北建设,建筑
2156,01735,中环控股,建筑
2157,01739,齐屹科技,建筑
2158,01741,日赢控股,建筑
2159,01742,HPC,建筑
2160,01746,万顺集团控股,建筑
2161,01751,景联集团,建筑
2162,01757,俊裕地基,建筑
2163,01780,B,建筑
2164,01783,金仑控股有限公司,建筑
2165,01793,伟工控股,建筑
2166,01796,耀高控股,建筑
2167,01800,中国交通建设,建筑
2168,01802,文业集团,建筑
2169,01826,旭通控股,建筑
2170,01829,中国机械工程,建筑
2171,01847,云南建投混凝土,建筑
2172,01850,海鑫集团,建筑
2173,01855,中邦环境,建筑
2174,01865,管道工程,建筑
2175,01867,乐嘉思控股,建筑
2176,01870,益美国际控股,建筑
2177,01894,恒益控股,建筑
2178,01897,美亨实业,建筑
2179,01903,JBB,建筑
2180,01920,恒新丰控股,建筑
2181,01937,佳辰控股,建筑
2182,01943,银涛控股,建筑
2183,01953,RIMBACO,建筑
2184,01960,TBKS,建筑
2185,01977,安乐工程,建筑
2186,01987,BENG,建筑
2187,02009,金隅集团,建筑
2188,02017,沧海控股,建筑
2189,02060,浦江国际,建筑
2190,02068,中铝国际,建筑
2191,02110,裕勤控股,建筑
2192,02113,世纪集团国际,建筑
2193,02115,捷心隆,建筑
2194,02128,中国联塑,建筑
2195,02132,誉龇峥毓,建筑
2196,02153,达丰设备,建筑
2197,02163,远大住工,建筑
2198,02193,万景控股,建筑
2199,02221,创业集团控股,建筑
2200,02227,守益控股,建筑
2201,02233,西部水泥,建筑
2202,02262,梁志天设计集团,建筑
2203,02266,黎氏企业,建筑
2204,02296,华记环球集团,建筑
2205,02340,N捷控股,建筑
2206,02355,宝业集团,建筑
2207,02448,恒宇集团,建筑
2208,02663,应力控股,建筑
2209,02789,远大中国,建筑
2210,02863,高丰集团控股,建筑
2211,03311,中国建筑国际,建筑
2212,03321,伟鸿集团控股,建筑
2213,03323,中国建材,建筑
2214,03708,中国供应链产业,建筑
2215,03728,正利控股,建筑
2216,03789,御佳控股,建筑
2217,03822,三和建筑集团,建筑
2218,03878,VICON,建筑
2219,03893,易纬集团,建筑
2220,03928,S&T,建筑
2221,06038,信越控股,建筑
2222,06063,智中国际,建筑
2223,06080,荣智控股,建筑
2224,06182,乙德投资控股,建筑
2225,06189,爱得威建设集团,建筑
2226,06193,泰林科建,建筑
2227,06816,瑞港建设,建筑
2228,06829,龙N集团控股,建筑
2229,06888,英达公路再生科技,建筑
2230,08021,汇隆控股,建筑
2231,08023,邝文记,建筑
2232,08039,中国卓银,建筑
2233,08040,ＤＣＢ控股,建筑
2234,08053,比优集团,建筑
2235,08059,朝威控股,建筑
2236,08125,仁德资源,建筑
2237,08140,人和科技,建筑
2238,08152,明梁控股,建筑
2239,08170,全民国际,建筑
2240,08173,万亚企业控股,建筑
2241,08188,骏杰集团控股,建筑
2242,08208,WMCH,建筑
2243,08216,丰城控股,建筑
2244,08217,联旺集团,建筑
2245,08227,海天天Q,建筑
2246,08259,HON,建筑
2247,08262,宏强控股,建筑
2248,08268,智城发展控股,建筑
2249,08275,永勤集团控股,建筑
2250,08305,棠记控股,建筑
2251,08316,柏荣集团控股,建筑
2252,08321,泰锦控股,建筑
2253,08341,艾硕控股,建筑
2254,08349,美固科技控股,建筑
2255,08356,中国新华电视,建筑
2256,08360,利骏集团香港,建筑
2257,08366,浙江联合投资,建筑
2258,08373,靛蓝星,建筑
2259,08402,GT,建筑
2260,08411,K,建筑
2261,08422,ＷＴ集团,建筑
2262,08423,CHI,建筑
2263,08425,兴铭控股,建筑
2264,08427,瑞强集团,建筑
2265,08445,怡康泰工程集团,建筑
2266,08455,礼建德集团,建筑
2267,08460,基地锦标集团,建筑
2268,08481,盛龙锦秀国际,建筑
2269,08501,庄皇集团公司,建筑
2270,08516,广骏集团控股,建筑
2271,08523,常满控股,建筑
2272,08526,荣丰集团亚洲,建筑
2273,08532,宝发控股,建筑
2274,08535,荧德控股,建筑
2275,08601,宝[控股,建筑
2276,08612,维亮控股,建筑
2277,08616,新威工程集团,建筑
2278,08619,WAC,建筑
2279,08646,中国宏光,建筑
2280,09900,德益控股,建筑
2281,09913,智勤控股,建筑
2282,09929,澳达控股,建筑
2283,09938,华和控股,建筑
2284,09979,绿城管理控股,建筑
2285,09998,光荣控股,建筑
2286,00099,王氏国际,资讯科技器材
2287,00110,中国长远（新）,资讯科技器材
2288,00143,国安国际,资讯科技器材
2289,00164,中国宝力科技,资讯科技器材
2290,00248,香港通讯国际控股,资讯科技器材
2291,00259,亿都（国际控股）,资讯科技器材
2292,00261,ＧＢＡ集团,资讯科技器材
2293,00285,比亚迪电子,资讯科技器材
2294,00303,伟易达,资讯科技器材
2295,00334,华显光电,资讯科技器材
2296,00439,光启科学,资讯科技器材
2297,00479,华建控股,资讯科技器材
2298,00529,新龙国际,资讯科技器材
2299,00552,中国通信服务,资讯科技器材
2300,00580,赛晶科技,资讯科技器材
2301,00698,通达集团,资讯科技器材
2302,00710,京东方精电,资讯科技器材
2303,00732,信利国际,资讯科技器材
2304,00763,中兴通讯,资讯科技器材
2305,00788,中国铁塔,资讯科技器材
2306,00842,理士国际,资讯科技器材
2307,00854,威雅利,资讯科技器材
2308,00856,伟仕佳杰,资讯科技器材
2309,00889,连达科技控股,资讯科技器材
2310,00894,万裕科技,资讯科技器材
2311,00947,摩比发展,资讯科技器材
2312,00948,阿尔法企业,资讯科技器材
2313,00992,联想集团,资讯科技器材
2314,01013,伟俊集团控股,资讯科技器材
2315,01043,光宇国际集团科技,资讯科技器材
2316,01050,嘉利国际,资讯科技器材
2317,01063,新确科技,资讯科技器材
2318,01079,松景科技,资讯科技器材
2319,01085,亨鑫科技,资讯科技器材
2320,01184,时捷,资讯科技器材
2321,01202,成都普天电缆股份,资讯科技器材
2322,01213,万保刚集团,资讯科技器材
2323,01263,嗄芗团,资讯科技器材
2324,01300,俊知集团,资讯科技器材
2325,01305,伟志控股,资讯科技器材
2326,01337,雷蛇,资讯科技器材
2327,01362,新龙移动,资讯科技器材
2328,01399,锐信控股,资讯科技器材
2329,01401,SPROCOMM,资讯科技器材
2330,01415,高伟电子,资讯科技器材
2331,01478,丘钛科技,资讯科技器材
2332,01523,珩湾科技,资讯科技器材
2333,01617,南方通信,资讯科技器材
2334,01665,槟杰科达,资讯科技器材
2335,01710,致丰工业电子,资讯科技器材
2336,01720,普天通信集团,资讯科技器材
2337,01729,汇聚科技,资讯科技器材
2338,01810,小米集团－Ｗ,资讯科技器材
2339,01979,天宝集团,资讯科技器材
2340,01991,大洋集团,资讯科技器材
2341,02000,晨讯科技,资讯科技器材
2342,02018,瑞声科技,资讯科技器材
2343,02028,映美控股,资讯科技器材
2344,02038,富智康集团,资讯科技器材
2345,02086,海航科技投资,资讯科技器材
2346,02239,国微控股,资讯科技器材
2347,02308,研祥智能,资讯科技器材
2348,02342,京信通信,资讯科技器材
2349,02363,通达宏泰,资讯科技器材
2350,02369,酷派集团,资讯科技器材
2351,02382,舜宇光学科技,资讯科技器材
2352,02979,中国长远（旧）,资讯科技器材
2353,03336,巨腾国际,资讯科技器材
2354,03393,威胜控股,资讯科技器材
2355,03396,联想控股,资讯科技器材
2356,03638,华邦金融,资讯科技器材
2357,03991,长虹佳华,资讯科技器材
2358,03997,电讯首科,资讯科技器材
2359,06036,光丽科技,资讯科技器材
2360,06088,FIT,资讯科技器材
2361,06133,维太创科,资讯科技器材
2362,06168,优通未来,资讯科技器材
2363,06188,迪信通,资讯科技器材
2364,06869,长飞光纤光缆,资讯科技器材
2365,08043,ATLINKS,资讯科技器材
2366,08051,讯智海,资讯科技器材
2367,08066,品创控股,资讯科技器材
2368,08080,北亚策略,资讯科技器材
2369,08113,扬宇科技,资讯科技器材
2370,08137,洪桥集团,资讯科技器材
2371,08159,辉煌科技,资讯科技器材
2372,08167,中国新电信,资讯科技器材
2373,08171,中国趋势,资讯科技器材
2374,08245,安悦国际控股,资讯科技器材
2375,08249,瑞远智控,资讯科技器材
2376,08266,卓信国际控股,资讯科技器材
2377,08286,长城微光,资讯科技器材
2378,08287,百家淘客,资讯科技器材
2379,08311,圆美光电,资讯科技器材
2380,08375,弘浩国际控股,资讯科技器材
2381,08379,汇安智能,资讯科技器材
2382,08487,ISP,资讯科技器材
2383,09918,丽年国际,资讯科技器材
2384,09963,高科桥,资讯科技器材
2385,00046,科联系统,软件服务
2386,00082,第一视频,软件服务
2387,00092,冠军科技集团,软件服务
2388,00136,恒腾网络（新）,软件服务
2389,00250,中国数码信息,软件服务
2390,00268,金蝶国际,软件服务
2391,00302,中手游,软件服务
2392,00327,百富环球,软件服务
2393,00354,中国软件国际,软件服务
2394,00395,环球智能控股,软件服务
2395,00400,科通芯城,软件服务
2396,00418,方正控股,软件服务
2397,00434,博雅互动,软件服务
2398,00465,富通科技,软件服务
2399,00484,云游控股,软件服务
2400,00536,贸易通,软件服务
2401,00553,南京熊猫电子股份,软件服务
2402,00596,浪潮国际,软件服务
2403,00696,中国民航信息网络,软件服务
2404,00700,腾讯控股,软件服务
2405,00771,自动系统,软件服务
2406,00777,网龙,软件服务
2407,00797,第七大道,软件服务
2408,00799,IGG,软件服务
2409,00800,Ａ８新媒体,软件服务
2410,00802,中国钱包,软件服务
2411,00818,高阳科技,软件服务
2412,00861,神州控股,软件服务
2413,00862,远见控股,软件服务
2414,00885,仁天科技控股,软件服务
2415,00909,明源云,软件服务
2416,01020,赛伯乐国际控股,软件服务
2417,01022,飞鱼科技,软件服务
2418,01037,云智汇科技,软件服务
2419,01039,畅由联盟,软件服务
2420,01059,看通集团,软件服务
2421,01075,首都信息,软件服务
2422,01087,威讯控股,软件服务
2423,01094,中国公共采购,软件服务
2424,01119,创梦天地,软件服务
2425,01137,香港电视,软件服务
2426,01147,伊登软件,软件服务
2427,01206,同方泰德,软件服务
2428,01297,中国擎天软件,软件服务
2429,01357,美图公司,软件服务
2430,01402,超智能控股,软件服务
2431,01410,安领国际,软件服务
2432,01450,世纪睿科,软件服务
2433,01460,扬科集团,软件服务
2434,01463,C-LINK,软件服务
2435,01522,京投交通科技,软件服务
2436,01588,畅捷通,软件服务
2437,01613,协同通信,软件服务
2438,01675,亚信科技,软件服务
2439,01679,瑞斯康集团,软件服务
2440,01686,新意网集团,软件服务
2441,01708,三宝科技,软件服务
2442,01736,中国育儿网络,软件服务
2443,01745,驴迹科技,软件服务
2444,01761,宝宝树集团,软件服务
2445,01762,万咖壹联,软件服务
2446,01782,飞思达科技,软件服务
2447,01808,企展控股,软件服务
2448,01860,汇量科技,软件服务
2449,01900,中国智能交通,软件服务
2450,01909,火岩控股,软件服务
2451,01933,元力控股,软件服务
2452,01949,PLATT,软件服务
2453,01961,九尊数字互娱,软件服务
2454,01980,天鸽互动,软件服务
2455,01985,美高域,软件服务
2456,02013,微盟集团,软件服务
2457,02022,游莱互动,软件服务
2458,02100,百奥家庭互动,软件服务
2459,02101,福禄控股,软件服务
2460,02280,慧聪集团,软件服务
2461,02400,心动公司,软件服务
2462,02660,禅游科技,软件服务
2463,02708,艾伯科技,软件服务
2464,02858,易鑫集团,软件服务
2465,02982,恒腾网络,软件服务
2466,03315,金邦达宝嘉,软件服务
2467,03601,鲁大师,软件服务
2468,03680,索信达控股,软件服务
2469,03690,美团－Ｗ,软件服务
2470,03700,映客,软件服务
2471,03738,阜博集团,软件服务
2472,03773,年年卡,软件服务
2473,03798,家乡互动,软件服务
2474,03888,金山软件,软件服务
2475,03969,中国通号,软件服务
2476,06820,友谊时光,软件服务
2477,06860,指尖悦动,软件服务
2478,06899,联众,软件服务
2479,06933,新娱科控股,软件服务
2480,06988,乐享互动,软件服务
2481,08013,ECI,软件服务
2482,08018,汇财金融投资,软件服务
2483,08033,爱达利网络,软件服务
2484,08036,电子交易集团,软件服务
2485,08041,荟萃国际（控股）,软件服务
2486,08045,南大苏富特,软件服务
2487,08048,御德国际控股,软件服务
2488,08050,量子思维,软件服务
2489,08060,国联通信,软件服务
2490,08062,俊盟国际,软件服务
2491,08065,高萌科技,软件服务
2492,08071,中彩网通控股,软件服务
2493,08076,新利软件,软件服务
2494,08081,恒泰裕集团,软件服务
2495,08083,中国有赞,软件服务
2496,08086,新维国际控股,软件服务
2497,08092,ITE,软件服务
2498,08100,智易控股,软件服务
2499,08106,升华兰德,软件服务
2500,08119,即时科研,软件服务
2501,08131,辰罡科技,软件服务
2502,08148,奥嘀泄,软件服务
2503,08178,中国信息科技－新,软件服务
2504,08198,乐透互娱,软件服务
2505,08205,交大慧谷,软件服务
2506,08229,FUTURE,软件服务
2507,08235,赛迪顾问,软件服务
2508,08255,神州数字,软件服务
2509,08267,蓝港互动,软件服务
2510,08282,智傲控股,软件服务
2511,08290,亚势备份,软件服务
2512,08319,思博系统,软件服务
2513,08325,中国支付通,软件服务
2514,08353,安科系统,软件服务
2515,08420,NEXION,软件服务
2516,08582,中国信息科技,软件服务
2517,08606,冠控股,软件服务
2518,08611,MINDTELL,软件服务
2519,08635,连成科技集团,软件服务
2520,08645,NOMAD,软件服务
2521,09600,新纽科技,软件服务
2522,09618,京东集团－ＳＷ,软件服务
2523,09698,万国数据－ＳＷ,软件服务
2524,09911,赤子城科技,软件服务
2525,09923,移卡,软件服务
2526,09988,阿里巴巴－ＳＷ,软件服务
2527,09990,祖龙娱乐,软件服务
2528,09991,宝尊电商－ＳＷ,软件服务
2529,09999,网易－Ｓ,软件服务
2530,00085,中电华大科技,半导体
2531,00243,品质国际,半导体
2532,00522,ASM,半导体
2533,00595,AV,半导体
2534,00724,瑞鑫国际集团,半导体
2535,00981,中芯国际,半导体
2536,01010,太睿国际控股,半导体
2537,01347,华虹半导体,半导体
2538,01385,上海复旦,半导体
2539,01912,康特隆,半导体
2540,02166,芯智控股,半导体
2541,02203,脑洞科技,半导体
2542,02878,晶门半导体,半导体
2543,08231,节能元件,半导体
2544,08257,靖洋集团,半导体
2545,00001,长和,综合企业
2546,00019,太古股份公司Ａ,综合企业
2547,00025,其士国际,综合企业
2548,00087,太古股份公司Ｂ,综合企业
2549,00132,中国兴业控股,综合企业
2550,00191,丽新国际,综合企业
2551,00202,润中国际控股,综合企业
2552,00242,信德集团,综合企业
2553,00267,中信股份,综合企业
2554,00318,黄河实业,综合企业
2555,00331,丰盛服务集团,综合企业
2556,00363,上海实业控股,综合企业
2557,00488,丽新发展,综合企业
2558,00620,大唐西市,综合企业
2559,00656,复星国际,综合企业
2560,00659,新创建集团,综合企业
2561,00882,天津发展,综合企业
2562,00908,珠海控股投资,综合企业
2563,01178,汇银控股集团,综合企业
2564,01282,宝新金融,综合企业
2565,01323,华盛国际控股,综合企业
2566,01468,京基金融国际,综合企业
2567,02327,美瑞健康国际,综合企业
2568,02722,重庆机电,综合企业
2569,03686,祈福生活服务,综合企业
2570,08089,华人策略控股,综合企业
2571,00820,汇丰中国翔龙基金,其他
